second,idle_count,walking_count,total_count
0,0,0,0
1,0,0,0
2,0,0,0
3,0,0,0
4,0,0,0
5,0,0,0
6,0,0,0
7,0,0,0
8,0,0,0
9,0,0,0
10,0,0,0
11,0,0,0
12,0,0,0
13,0,0,0
14,0,0,0
15,0,0,0
16,0,0,0
17,0,0,0
18,0,0,0
19,0,0,0
20,0,0,0
21,0,0,0
22,0,0,0
23,0,0,0
24,0,0,0
25,0,0,0
26,0,0,0
27,0,0,0
28,0,0,0
29,0,0,0
30,0,0,0
31,0,0,0
32,0,0,0
33,0,0,0
34,0,0,0
35,0,0,0
36,0,0,0
37,0,0,0
38,0,0,0
39,0,0,0
40,0,0,0
41,0,0,0
42,0,0,0
43,0,0,0
44,0,0,0
45,0,0,0
46,0,0,0
47,0,0,0
48,0,0,0
49,0,0,0
50,0,0,0
51,0,0,0
52,0,0,0
53,0,0,0
54,0,0,0
55,0,0,0
56,0,0,0
57,0,0,0
58,0,0,0
59,0,0,0
60,0,0,0
61,0,0,0
62,0,0,0
63,0,0,0
64,0,0,0
65,0,0,0
66,0,0,0
67,0,0,0
68,0,0,0
69,0,0,0
70,0,0,0
71,0,0,0
72,0,0,0
73,0,0,0
74,0,0,0
75,0,0,0
76,0,0,0
77,0,0,0
78,0,0,0
79,0,0,0
80,0,0,0
81,0,0,0
82,0,0,0
83,0,0,0
84,0,0,0
85,0,0,0
86,0,0,0
87,0,0,0
88,0,0,0
89,0,0,0
90,0,0,0
91,0,0,0
92,0,0,0
93,0,0,0
94,0,0,0
95,0,0,0
96,0,0,0
97,0,0,0
98,0,0,0
99,0,0,0
100,0,0,0
101,0,0,0
102,0,0,0
103,0,0,0
104,0,0,0
105,0,0,0
106,0,0,0
107,0,0,0
108,0,0,0
109,0,0,0
110,0,0,0
111,0,0,0
112,0,0,0
113,0,0,0
114,0,0,0
115,0,0,0
116,0,0,0
117,0,0,0
118,0,0,0
119,0,0,0
120,0,0,0
121,0,0,0
122,0,0,0
123,0,0,0
124,0,0,0
125,0,0,0
126,0,0,0
127,0,0,0
128,0,0,0
129,0,0,0
130,0,0,0
131,0,0,0
132,0,0,0
133,0,0,0
134,0,0,0
135,0,0,0
136,0,0,0
137,0,0,0
138,0,0,0
139,0,0,0
140,0,0,0
141,0,0,0
142,0,0,0
143,0,0,0
144,0,0,0
145,0,0,0
146,0,0,0
147,0,0,0
148,0,0,0
149,0,0,0
150,0,0,0
151,0,0,0
152,0,0,0
153,0,0,0
154,0,0,0
155,0,0,0
156,0,0,0
157,0,0,0
158,0,0,0
159,0,0,0
160,0,0,0
161,0,0,0
162,0,0,0
163,0,0,0
164,0,0,0
165,0,0,0
166,0,0,0
167,0,0,0
168,0,0,0
169,0,0,0
170,0,0,0
171,0,0,0
172,0,0,0
173,0,0,0
174,0,0,0
175,0,0,0
176,0,0,0
177,0,0,0
178,0,0,0
179,0,0,0
180,0,0,0
181,0,0,0
182,0,0,0
183,0,0,0
184,0,0,0
185,0,0,0
186,0,0,0
187,0,0,0
188,0,0,0
189,0,0,0
190,0,0,0
191,0,0,0
192,0,0,0
193,0,0,0
194,0,0,0
195,0,0,0
196,0,0,0
197,0,0,0
198,0,0,0
199,0,0,0
200,0,0,0
201,0,0,0
202,0,0,0
203,0,0,0
204,0,0,0
205,0,0,0
206,0,0,0
207,0,0,0
208,0,0,0
209,0,0,0
210,0,0,0
211,0,0,0
212,0,0,0
213,0,0,0
214,0,0,0
215,0,0,0
216,0,0,0
217,0,0,0
218,0,0,0
219,0,0,0
220,0,0,0
221,0,0,0
222,0,0,0
223,0,0,0
224,0,0,0
225,0,0,0
226,0,0,0
227,0,0,0
228,0,0,0
229,0,0,0
230,0,0,0
231,0,0,0
232,0,0,0
233,0,0,0
234,0,0,0
235,0,0,0
236,0,0,0
237,0,0,0
238,0,0,0
239,0,0,0
240,0,0,0
241,0,0,0
242,0,0,0
243,0,0,0
244,0,0,0
245,0,0,0
246,0,0,0
247,0,0,0
248,0,0,0
249,0,0,0
250,0,0,0
251,0,0,0
252,0,0,0
253,0,0,0
254,0,0,0
255,0,0,0
256,0,0,0
257,0,0,0
258,0,0,0
259,0,0,0
260,0,0,0
261,0,0,0
262,0,0,0
263,0,0,0
264,0,0,0
265,0,0,0
266,0,0,0
267,0,0,0
268,0,0,0
269,0,0,0
270,0,0,0
271,0,0,0
272,0,0,0
273,0,0,0
274,0,0,0
275,0,0,0
276,0,0,0
277,0,0,0
278,0,0,0
279,0,0,0
280,0,0,0
281,0,0,0
282,0,0,0
283,0,0,0
284,0,0,0
285,0,0,0
286,0,0,0
287,0,0,0
288,0,0,0
289,0,0,0
290,0,0,0
291,0,0,0
292,0,0,0
293,0,0,0
294,0,0,0
295,0,0,0
296,0,0,0
297,0,0,0
298,0,0,0
299,0,0,0
300,0,0,0
301,0,0,0
302,0,0,0
303,0,0,0
304,0,0,0
305,0,0,0
306,0,0,0
307,0,0,0
308,0,0,0
309,0,0,0
310,0,0,0
311,0,0,0
312,0,0,0
313,0,0,0
314,0,0,0
315,0,0,0
316,0,0,0
317,0,0,0
318,0,0,0
319,0,0,0
320,0,0,0
321,0,0,0
322,0,0,0
323,0,0,0
324,0,0,0
325,0,0,0
326,0,0,0
327,0,0,0
328,0,0,0
329,0,0,0
330,0,0,0
331,0,0,0
332,0,0,0
333,0,0,0
334,0,0,0
335,0,0,0
336,0,0,0
337,0,0,0
338,0,0,0
339,0,0,0
340,0,0,0
341,0,0,0
342,0,0,0
343,0,0,0
344,0,0,0
345,0,0,0
346,0,0,0
347,0,0,0
348,0,0,0
349,0,0,0
350,0,0,0
351,0,0,0
352,0,0,0
353,0,0,0
354,0,0,0
355,0,0,0
356,0,0,0
357,0,0,0
358,0,0,0
359,0,0,0
360,0,0,0
361,0,0,0
362,0,0,0
363,0,0,0
364,0,0,0
365,0,0,0
366,0,0,0
367,0,0,0
368,0,0,0
369,0,0,0
370,0,0,0
371,0,0,0
372,0,0,0
373,0,0,0
374,0,0,0
375,0,0,0
376,0,0,0
377,0,0,0
378,0,0,0
379,0,0,0
380,0,0,0
381,0,0,0
382,0,0,0
383,0,0,0
384,0,0,0
385,0,0,0
386,0,0,0
387,0,0,0
388,0,0,0
389,0,0,0
390,0,0,0
391,0,0,0
392,0,0,0
393,0,0,0
394,0,0,0
395,0,0,0
396,0,0,0
397,0,0,0
398,0,0,0
399,0,0,0
400,0,0,0
401,0,0,0
402,0,0,0
403,0,0,0
404,0,0,0
405,0,0,0
406,0,0,0
407,0,0,0
408,0,0,0
409,0,0,0
410,0,0,0
411,0,0,0
412,0,0,0
413,0,0,0
414,0,0,0
415,0,0,0
416,0,0,0
417,0,0,0
418,0,0,0
419,0,0,0
420,0,0,0
421,0,0,0
422,0,0,0
423,0,0,0
424,0,0,0
425,0,0,0
426,0,0,0
427,0,0,0
428,0,0,0
429,0,0,0
430,0,0,0
431,0,0,0
432,0,0,0
433,0,0,0
434,0,0,0
435,0,0,0
436,0,0,0
437,0,0,0
438,0,0,0
439,0,0,0
440,0,0,0
441,0,0,0
442,0,0,0
443,0,0,0
444,0,0,0
445,0,0,0
446,0,0,0
447,0,0,0
448,0,0,0
449,0,0,0
450,0,0,0
451,0,0,0
452,0,0,0
453,0,0,0
454,0,0,0
455,0,0,0
456,0,0,0
457,0,0,0
458,0,0,0
459,0,0,0
460,0,0,0
461,0,0,0
462,0,0,0
463,0,0,0
464,0,0,0
465,0,0,0
466,0,0,0
467,0,0,0
468,0,0,0
469,0,0,0
470,0,0,0
471,0,0,0
472,0,0,0
473,0,0,0
474,0,0,0
475,0,0,0
476,0,0,0
477,0,0,0
478,0,0,0
479,0,0,0
480,0,0,0
481,0,0,0
482,0,0,0
483,0,0,0
484,0,0,0
485,0,0,0
486,0,0,0
487,0,0,0
488,0,0,0
489,0,0,0
490,0,0,0
491,0,0,0
492,0,0,0
493,0,0,0
494,0,0,0
495,0,0,0
496,0,0,0
497,0,0,0
498,0,0,0
499,0,0,0
500,0,0,0
501,0,0,0
502,0,0,0
503,0,0,0
504,0,0,0
505,0,0,0
506,0,0,0
507,0,0,0
508,0,0,0
509,0,0,0
510,0,0,0
511,0,0,0
512,0,0,0
513,0,0,0
514,0,0,0
515,0,0,0
516,0,0,0
517,0,0,0
518,0,0,0
519,0,0,0
520,0,0,0
521,0,0,0
522,0,0,0
523,0,0,0
524,0,0,0
525,0,0,0
526,0,0,0
527,0,0,0
528,0,0,0
529,0,0,0
530,0,0,0
531,0,0,0
532,0,0,0
533,0,0,0
534,0,0,0
535,0,0,0
536,0,0,0
537,0,0,0
538,0,0,0
539,0,0,0
540,0,0,0
541,0,0,0
542,0,0,0
543,0,0,0
544,0,0,0
545,0,0,0
546,0,0,0
547,0,0,0
548,0,0,0
549,0,0,0
550,0,0,0
551,0,0,0
552,0,0,0
553,0,0,0
554,0,0,0
555,0,0,0
556,0,0,0
557,0,0,0
558,0,0,0
559,0,0,0
560,0,0,0
561,0,0,0
562,0,0,0
563,0,0,0
564,0,0,0
565,0,0,0
566,0,0,0
567,0,0,0
568,0,0,0
569,0,0,0
570,0,0,0
571,0,0,0
572,0,0,0
573,0,0,0
574,0,0,0
575,0,0,0
576,0,0,0
577,0,0,0
578,0,0,0
579,0,0,0
580,0,0,0
581,0,0,0
582,0,0,0
583,0,0,0
584,0,0,0
585,0,0,0
586,0,0,0
587,0,0,0
588,0,0,0
589,0,0,0
590,0,0,0
591,0,0,0
592,0,0,0
593,0,0,0
594,0,0,0
595,0,0,0
596,0,0,0
597,0,0,0
598,0,0,0
599,0,0,0
600,0,0,0
601,0,0,0
602,0,0,0
603,0,0,0
604,0,0,0
605,0,0,0
606,0,0,0
607,0,0,0
608,0,0,0
609,0,0,0
610,0,0,0
611,0,0,0
612,0,0,0
613,0,0,0
614,0,0,0
615,0,0,0
616,0,0,0
617,0,0,0
618,0,0,0
619,0,0,0
620,0,0,0
621,0,0,0
622,0,0,0
623,0,0,0
624,0,0,0
625,0,0,0
626,0,0,0
627,0,0,0
628,0,0,0
629,0,0,0
630,0,0,0
631,0,0,0
632,0,0,0
633,0,0,0
634,0,0,0
635,0,0,0
636,0,0,0
637,0,0,0
638,0,0,0
639,0,0,0
640,0,0,0
641,1,0,1
642,1,0,1
643,1,0,1
644,1,0,1
645,1,0,1
646,1,0,1
647,1,0,1
648,1,0,1
649,1,0,1
650,1,0,1
651,1,0,1
652,1,0,1
653,1,0,1
654,1,0,1
655,1,0,1
656,1,0,1
657,1,0,1
658,1,0,1
659,1,0,1
660,1,0,1
661,1,0,1
662,1,0,1
663,1,0,1
664,1,0,1
665,1,0,1
666,1,0,1
667,1,0,1
668,1,0,1
669,1,0,1
670,1,0,1
671,1,0,1
672,1,0,1
673,1,0,1
674,1,0,1
675,1,0,1
676,1,0,1
677,1,0,1
678,1,0,1
679,1,0,1
680,1,0,1
681,1,0,1
682,1,0,1
683,1,0,1
684,1,0,1
685,1,0,1
686,1,0,1
687,1,0,1
688,1,0,1
689,1,0,1
690,1,0,1
691,1,0,1
692,1,0,1
693,1,0,1
694,1,0,1
695,1,0,1
696,1,0,1
697,1,0,1
698,1,0,1
699,1,0,1
700,1,0,1
701,1,0,1
702,1,0,1
703,1,0,1
704,1,0,1
705,1,0,1
706,1,0,1
707,1,0,1
708,1,0,1
709,1,0,1
710,1,0,1
711,1,0,1
712,1,0,1
713,1,0,1
714,1,0,1
715,1,0,1
716,1,0,1
717,1,0,1
718,1,0,1
719,1,0,1
720,1,0,1
721,1,0,1
722,1,0,1
723,1,0,1
724,1,0,1
725,1,0,1
726,1,0,1
727,1,0,1
728,1,0,1
729,1,0,1
730,1,0,1
731,1,0,1
732,1,0,1
733,1,0,1
734,1,0,1
735,1,0,1
736,1,0,1
737,1,0,1
738,1,0,1
739,1,0,1
740,1,0,1
741,1,0,1
742,1,0,1
743,1,0,1
744,1,0,1
745,1,0,1
746,1,0,1
747,1,0,1
748,1,0,1
749,1,0,1
750,1,0,1
751,1,0,1
752,1,0,1
753,1,0,1
754,1,0,1
755,1,0,1
756,1,0,1
757,1,0,1
758,1,0,1
759,1,0,1
760,1,0,1
761,1,0,1
762,1,0,1
763,1,0,1
764,1,0,1
765,1,0,1
766,1,0,1
767,1,0,1
768,1,0,1
769,1,0,1
770,1,0,1
771,1,0,1
772,1,0,1
773,1,0,1
774,1,0,1
775,1,0,1
776,1,0,1
777,1,0,1
778,1,0,1
779,1,0,1
780,1,0,1
781,1,0,1
782,1,0,1
783,1,0,1
784,1,0,1
785,1,0,1
786,1,0,1
787,1,0,1
788,1,0,1
789,1,0,1
790,1,0,1
791,1,0,1
792,1,0,1
793,1,0,1
794,1,0,1
795,1,0,1
796,1,0,1
797,1,0,1
798,1,0,1
799,1,0,1
800,1,0,1
801,1,0,1
802,1,0,1
803,1,0,1
804,1,0,1
805,1,0,1
806,1,0,1
807,1,0,1
808,1,0,1
809,1,0,1
810,1,0,1
811,1,0,1
812,1,0,1
813,1,0,1
814,1,0,1
815,1,0,1
816,1,0,1
817,1,0,1
818,1,0,1
819,1,0,1
820,1,0,1
821,1,0,1
822,1,0,1
823,1,0,1
824,1,0,1
825,1,0,1
826,1,0,1
827,1,0,1
828,1,0,1
829,1,0,1
830,1,0,1
831,1,0,1
832,1,0,1
833,1,0,1
834,1,0,1
835,1,0,1
836,1,0,1
837,1,0,1
838,1,0,1
839,1,0,1
840,1,0,1
841,1,0,1
842,1,0,1
843,1,0,1
844,1,0,1
845,1,0,1
846,1,0,1
847,1,0,1
848,1,0,1
849,1,0,1
850,1,0,1
851,1,0,1
852,1,0,1
853,1,0,1
854,1,0,1
855,1,0,1
856,1,0,1
857,1,0,1
858,1,0,1
859,1,0,1
860,1,0,1
861,1,0,1
862,1,0,1
863,1,0,1
864,1,0,1
865,1,0,1
866,1,0,1
867,1,0,1
868,1,0,1
869,1,0,1
870,1,0,1
871,1,0,1
872,1,0,1
873,1,0,1
874,1,0,1
875,1,0,1
876,1,0,1
877,1,0,1
878,1,0,1
879,1,0,1
880,1,0,1
881,1,0,1
882,1,0,1
883,1,0,1
884,1,0,1
885,1,0,1
886,1,0,1
887,1,0,1
888,1,0,1
889,1,0,1
890,1,0,1
891,1,0,1
892,1,0,1
893,1,0,1
894,1,0,1
895,1,0,1
896,1,0,1
897,1,0,1
898,1,0,1
899,1,0,1
900,1,0,1
901,1,0,1
902,1,0,1
903,1,0,1
904,1,0,1
905,1,0,1
906,1,0,1
907,1,0,1
908,1,0,1
909,1,0,1
910,1,0,1
911,1,0,1
912,1,0,1
913,1,0,1
914,1,0,1
915,1,0,1
916,1,0,1
917,1,0,1
918,1,0,1
919,1,0,1
920,1,0,1
921,1,0,1
922,1,0,1
923,1,0,1
924,1,0,1
925,1,0,1
926,1,0,1
927,1,0,1
928,1,0,1
929,1,0,1
930,1,0,1
931,1,0,1
932,1,0,1
933,1,0,1
934,1,0,1
935,1,0,1
936,1,0,1
937,1,0,1
938,1,0,1
939,1,0,1
940,1,0,1
941,1,0,1
942,1,0,1
943,1,0,1
944,1,0,1
945,1,0,1
946,1,0,1
947,1,0,1
948,1,0,1
949,1,0,1
950,1,0,1
951,1,0,1
952,1,0,1
953,1,0,1
954,1,0,1
955,1,0,1
956,1,0,1
957,1,0,1
958,1,0,1
959,1,0,1
960,1,0,1
961,1,0,1
962,1,0,1
963,1,0,1
964,1,0,1
965,1,0,1
966,1,0,1
967,1,0,1
968,1,0,1
969,1,0,1
970,1,0,1
971,1,0,1
972,1,0,1
973,1,0,1
974,1,0,1
975,1,0,1
976,1,0,1
977,1,0,1
978,1,0,1
979,1,0,1
980,1,0,1
981,1,0,1
982,1,0,1
983,1,0,1
984,1,0,1
985,1,0,1
986,1,0,1
987,1,0,1
988,1,0,1
989,1,0,1
990,1,0,1
991,1,0,1
992,1,0,1
993,1,0,1
994,1,0,1
995,1,0,1
996,1,0,1
997,1,0,1
998,1,0,1
999,1,0,1
1000,1,0,1
1001,1,0,1
1002,1,0,1
1003,1,0,1
1004,1,0,1
1005,1,0,1
1006,1,0,1
1007,1,0,1
1008,0,0,0
1009,0,0,0
1010,0,0,0
1011,0,0,0
1012,0,0,0
1013,0,0,0
1014,0,0,0
1015,0,0,0
1016,0,0,0
1017,0,0,0
1018,0,0,0
1019,0,0,0
1020,0,0,0
1021,0,0,0
1022,0,0,0
1023,0,0,0
1024,0,0,0
1025,0,0,0
1026,0,0,0
1027,0,0,0
1028,0,0,0
1029,0,0,0
1030,0,0,0
1031,0,0,0
1032,0,0,0
1033,0,0,0
1034,0,0,0
1035,0,0,0
1036,0,0,0
1037,0,0,0
1038,0,0,0
1039,0,0,0
1040,0,0,0
1041,0,0,0
1042,0,0,0
1043,0,0,0
1044,0,0,0
1045,0,0,0
1046,0,0,0
1047,0,0,0
1048,0,0,0
1049,0,0,0
1050,0,0,0
1051,0,0,0
1052,0,0,0
1053,0,0,0
1054,0,0,0
1055,0,0,0
1056,0,0,0
1057,0,0,0
1058,0,0,0
1059,0,0,0
1060,0,0,0
1061,0,0,0
1062,0,0,0
1063,0,0,0
1064,0,0,0
1065,0,0,0
1066,0,0,0
1067,0,0,0
1068,0,0,0
1069,0,0,0
1070,0,0,0
1071,0,0,0
1072,0,0,0
1073,0,0,0
1074,0,0,0
1075,0,0,0
1076,0,0,0
1077,0,0,0
1078,0,0,0
1079,0,0,0
1080,0,0,0
1081,0,0,0
1082,0,0,0
1083,0,0,0
1084,0,0,0
1085,0,0,0
1086,0,0,0
1087,0,0,0
1088,0,0,0
1089,0,0,0
1090,0,0,0
1091,0,0,0
1092,0,0,0
1093,0,0,0
1094,0,0,0
1095,0,0,0
1096,0,0,0
1097,0,0,0
1098,0,0,0
1099,0,0,0
1100,0,0,0
1101,0,0,0
1102,0,0,0
1103,0,0,0
1104,0,0,0
1105,0,0,0
1106,0,0,0
1107,0,0,0
1108,0,0,0
1109,0,0,0
1110,0,0,0
1111,0,0,0
1112,0,0,0
1113,0,0,0
1114,0,0,0
1115,0,0,0
1116,0,0,0
1117,0,0,0
1118,0,0,0
1119,0,0,0
1120,0,0,0
1121,0,0,0
1122,0,0,0
1123,0,0,0
1124,0,0,0
1125,0,0,0
1126,0,0,0
1127,0,0,0
1128,0,0,0
1129,0,0,0
1130,0,0,0
1131,0,0,0
1132,0,0,0
1133,0,0,0
1134,0,0,0
1135,0,0,0
1136,0,0,0
1137,0,0,0
1138,0,0,0
1139,0,0,0
1140,0,0,0
1141,0,0,0
1142,0,0,0
1143,0,0,0
1144,0,0,0
1145,0,0,0
1146,0,0,0
1147,0,0,0
1148,0,0,0
1149,0,0,0
1150,0,0,0
1151,0,0,0
1152,0,0,0
1153,0,0,0
1154,0,0,0
1155,0,0,0
1156,0,0,0
1157,0,0,0
1158,0,0,0
1159,0,0,0
1160,0,0,0
1161,0,0,0
1162,0,0,0
1163,0,0,0
1164,0,0,0
1165,0,0,0
1166,0,0,0
1167,0,0,0
1168,0,0,0
1169,0,0,0
1170,0,0,0
1171,0,0,0
1172,0,0,0
1173,0,0,0
1174,0,0,0
1175,0,0,0
1176,0,0,0
1177,0,0,0
1178,0,0,0
1179,0,0,0
1180,0,0,0
1181,0,0,0
1182,0,0,0
1183,0,0,0
1184,0,0,0
1185,0,0,0
1186,0,0,0
1187,0,0,0
1188,1,0,1
1189,1,0,1
1190,1,0,1
1191,1,0,1
1192,1,0,1
1193,1,0,1
1194,1,0,1
1195,1,0,1
1196,1,0,1
1197,1,0,1
1198,1,0,1
1199,1,0,1
1200,1,0,1
1201,1,0,1
1202,0,1,1
1203,0,1,1
1204,0,1,1
1205,0,1,1
1206,0,1,1
1207,0,1,1
1208,0,1,1
1209,0,1,1
1210,0,1,1
1211,0,1,1
1212,0,1,1
1213,0,1,1
1214,0,1,1
1215,0,1,1
1216,0,1,1
1217,0,1,1
1218,0,1,1
1219,0,1,1
1220,0,1,1
1221,0,1,1
1222,0,1,1
1223,0,1,1
1224,0,1,1
1225,1,1,2
1226,1,1,2
1227,1,1,2
1228,1,1,2
1229,1,1,2
1230,1,1,2
1231,1,1,2
1232,1,1,2
1233,1,1,2
1234,1,1,2
1235,1,1,2
1236,1,1,2
1237,2,0,2
1238,2,0,2
1239,2,0,2
1240,2,0,2
1241,2,0,2
1242,2,0,2
1243,2,0,2
1244,2,0,2
1245,2,0,2
1246,2,0,2
1247,2,0,2
1248,2,0,2
1249,2,0,2
1250,2,0,2
1251,2,0,2
1252,2,0,2
1253,2,0,2
1254,2,0,2
1255,2,0,2
1256,2,0,2
1257,2,0,2
1258,2,0,2
1259,2,0,2
1260,2,0,2
1261,2,0,2
1262,2,0,2
1263,2,0,2
1264,2,0,2
1265,2,0,2
1266,2,0,2
1267,2,0,2
1268,2,0,2
1269,2,0,2
1270,2,0,2
1271,2,0,2
1272,2,0,2
1273,2,0,2
1274,2,0,2
1275,2,0,2
1276,2,0,2
1277,2,0,2
1278,2,0,2
1279,2,0,2
1280,2,0,2
1281,2,0,2
1282,2,0,2
1283,2,0,2
1284,2,0,2
1285,2,0,2
1286,2,0,2
1287,2,0,2
1288,2,0,2
1289,2,0,2
1290,2,0,2
1291,2,0,2
1292,2,0,2
1293,2,0,2
1294,2,0,2
1295,2,0,2
1296,2,0,2
1297,2,0,2
1298,2,0,2
1299,2,0,2
1300,2,0,2
1301,2,0,2
1302,2,0,2
1303,2,0,2
1304,2,0,2
1305,2,0,2
1306,2,0,2
1307,2,0,2
1308,2,0,2
1309,2,0,2
1310,2,0,2
1311,2,0,2
1312,1,0,1
1313,1,0,1
1314,1,0,1
1315,1,0,1
1316,1,0,1
1317,1,0,1
1318,1,0,1
1319,1,0,1
1320,1,0,1
1321,1,0,1
1322,1,0,1
1323,1,0,1
1324,1,0,1
1325,0,0,0
1326,0,0,0
1327,0,0,0
1328,0,0,0
1329,0,0,0
1330,0,0,0
1331,0,0,0
1332,0,0,0
1333,0,0,0
1334,0,0,0
1335,0,0,0
1336,0,0,0
1337,0,0,0
1338,0,0,0
1339,0,0,0
1340,0,0,0
1341,0,0,0
1342,0,0,0
1343,0,0,0
1344,0,0,0
1345,0,0,0
1346,0,0,0
1347,0,0,0
1348,0,0,0
1349,0,0,0
1350,0,0,0
1351,0,0,0
1352,0,0,0
1353,0,0,0
1354,0,0,0
1355,0,0,0
1356,0,0,0
1357,0,0,0
1358,0,0,0
1359,0,0,0
1360,0,0,0
1361,0,0,0
1362,0,0,0
1363,0,0,0
1364,0,0,0
1365,0,0,0
1366,0,0,0
1367,0,0,0
1368,0,0,0
1369,0,0,0
1370,0,0,0
1371,0,0,0
1372,0,0,0
1373,0,0,0
1374,0,0,0
1375,0,0,0
1376,0,0,0
1377,0,0,0
1378,0,0,0
1379,0,0,0
1380,0,0,0
1381,0,0,0
1382,0,0,0
1383,0,0,0
1384,0,0,0
1385,0,0,0
1386,0,0,0
1387,0,0,0
1388,0,0,0
1389,0,0,0
1390,0,0,0
1391,0,0,0
1392,0,0,0
1393,0,0,0
1394,0,0,0
1395,0,0,0
1396,0,0,0
1397,0,0,0
1398,0,0,0
1399,0,0,0
1400,0,0,0
1401,0,0,0
1402,0,0,0
1403,0,0,0
1404,0,0,0
1405,0,0,0
1406,0,0,0
1407,0,0,0
1408,0,0,0
1409,0,0,0
1410,0,0,0
1411,0,0,0
1412,0,0,0
1413,0,0,0
1414,0,0,0
1415,0,0,0
1416,0,0,0
1417,0,0,0
1418,0,0,0
1419,0,0,0
1420,0,0,0
1421,0,0,0
1422,0,0,0
1423,0,0,0
1424,0,0,0
1425,0,0,0
1426,0,0,0
1427,0,0,0
1428,0,0,0
1429,0,0,0
1430,0,0,0
1431,0,0,0
1432,0,0,0
1433,0,0,0
1434,0,0,0
1435,0,0,0
1436,0,0,0
1437,0,0,0
1438,0,0,0
1439,0,0,0
1440,0,0,0
1441,0,0,0
1442,0,0,0
1443,0,0,0
1444,0,0,0
1445,0,0,0
1446,0,0,0
1447,0,0,0
1448,0,0,0
1449,0,0,0
1450,0,0,0
1451,0,0,0
1452,0,0,0
1453,0,0,0
1454,0,0,0
1455,0,0,0
1456,0,0,0
1457,0,0,0
1458,0,0,0
1459,0,0,0
1460,0,0,0
1461,0,0,0
1462,0,0,0
1463,0,0,0
1464,0,0,0
1465,0,0,0
1466,0,0,0
1467,0,0,0
1468,0,0,0
1469,0,0,0
1470,0,0,0
1471,0,0,0
1472,0,0,0
1473,0,0,0
1474,0,0,0
1475,0,0,0
1476,0,0,0
1477,0,0,0
1478,0,0,0
1479,0,0,0
1480,0,0,0
1481,0,0,0
1482,0,0,0
1483,0,0,0
1484,0,0,0
1485,0,0,0
1486,0,0,0
1487,0,0,0
1488,0,0,0
1489,0,0,0
1490,0,0,0
1491,0,0,0
1492,0,0,0
1493,0,0,0
1494,0,0,0
1495,0,0,0
1496,0,0,0
1497,0,0,0
1498,0,0,0
1499,0,0,0
1500,0,0,0
1501,0,0,0
1502,0,0,0
1503,0,0,0
1504,0,0,0
1505,0,0,0
1506,0,0,0
1507,0,0,0
1508,0,0,0
1509,0,0,0
1510,0,0,0
1511,0,0,0
1512,0,0,0
1513,0,0,0
1514,0,0,0
1515,0,0,0
1516,0,0,0
1517,0,0,0
1518,0,0,0
1519,0,0,0
1520,0,0,0
1521,0,0,0
1522,0,0,0
1523,0,0,0
1524,0,0,0
1525,0,0,0
1526,0,0,0
1527,0,0,0
1528,0,0,0
1529,0,0,0
1530,0,0,0
1531,0,0,0
1532,0,0,0
1533,0,0,0
1534,0,0,0
1535,0,0,0
1536,0,0,0
1537,0,0,0
1538,0,0,0
1539,0,0,0
1540,0,0,0
1541,0,0,0
1542,0,0,0
1543,0,0,0
1544,0,0,0
1545,0,0,0
1546,0,0,0
1547,0,0,0
1548,0,0,0
1549,0,0,0
1550,0,0,0
1551,0,0,0
1552,0,0,0
1553,0,0,0
1554,0,0,0
1555,0,0,0
1556,0,0,0
1557,0,0,0
1558,0,0,0
1559,0,0,0
1560,0,0,0
1561,0,0,0
1562,0,0,0
1563,0,0,0
1564,0,0,0
1565,0,0,0
1566,0,0,0
1567,0,0,0
1568,0,0,0
1569,0,0,0
1570,0,0,0
1571,0,0,0
1572,0,0,0
1573,0,0,0
1574,0,0,0
1575,0,0,0
1576,0,0,0
1577,0,0,0
1578,0,0,0
1579,0,0,0
1580,0,0,0
1581,0,0,0
1582,0,0,0
1583,0,0,0
1584,0,0,0
1585,0,0,0
1586,0,0,0
1587,0,0,0
1588,0,0,0
1589,0,0,0
1590,0,0,0
1591,0,0,0
1592,0,0,0
1593,0,0,0
1594,0,0,0
1595,0,0,0
1596,0,0,0
1597,0,0,0
1598,0,0,0
1599,0,0,0
1600,0,0,0
1601,0,0,0
1602,0,0,0
1603,0,0,0
1604,0,0,0
1605,0,0,0
1606,0,0,0
1607,0,0,0
1608,0,0,0
1609,0,0,0
1610,0,0,0
1611,0,0,0
1612,0,0,0
1613,0,0,0
1614,0,0,0
1615,0,0,0
1616,0,0,0
1617,0,0,0
1618,0,0,0
1619,0,0,0
1620,0,0,0
1621,0,0,0
1622,0,0,0
1623,0,0,0
1624,0,0,0
1625,0,0,0
1626,0,0,0
1627,0,0,0
1628,0,0,0
1629,0,0,0
1630,0,0,0
1631,0,0,0
1632,0,0,0
1633,0,0,0
1634,0,0,0
1635,0,0,0
1636,0,0,0
1637,0,0,0
1638,0,0,0
1639,0,0,0
1640,0,0,0
1641,0,0,0
1642,0,0,0
1643,0,0,0
1644,0,0,0
1645,0,0,0
1646,0,0,0
1647,0,0,0
1648,0,0,0
1649,0,0,0
1650,0,0,0
1651,0,0,0
1652,0,0,0
1653,0,0,0
1654,0,0,0
1655,0,0,0
1656,0,0,0
1657,0,0,0
1658,0,0,0
1659,0,0,0
1660,0,0,0
1661,0,0,0
1662,0,0,0
1663,0,0,0
1664,0,0,0
1665,0,0,0
1666,0,0,0
1667,0,0,0
1668,0,0,0
1669,0,0,0
1670,0,0,0
1671,0,0,0
1672,0,0,0
1673,0,0,0
1674,0,0,0
1675,0,0,0
1676,0,0,0
1677,0,0,0
1678,0,0,0
1679,0,0,0
1680,0,0,0
1681,0,0,0
1682,0,0,0
1683,0,0,0
1684,0,0,0
1685,0,0,0
1686,0,0,0
1687,0,0,0
1688,0,0,0
1689,0,0,0
1690,0,0,0
1691,0,0,0
1692,0,0,0
1693,0,0,0
1694,0,0,0
1695,0,0,0
1696,0,0,0
1697,0,0,0
1698,0,0,0
1699,0,0,0
1700,0,0,0
1701,0,0,0
1702,0,0,0
1703,0,0,0
1704,0,0,0
1705,0,0,0
1706,0,0,0
1707,0,0,0
1708,0,0,0
1709,0,0,0
1710,0,0,0
1711,0,0,0
1712,0,0,0
1713,0,0,0
1714,0,0,0
1715,0,0,0
1716,0,0,0
1717,0,0,0
1718,0,0,0
1719,0,0,0
1720,0,0,0
1721,0,0,0
1722,0,0,0
1723,0,0,0
1724,0,0,0
1725,0,0,0
1726,0,0,0
1727,0,0,0
1728,0,0,0
1729,0,0,0
1730,0,0,0
1731,0,0,0
1732,0,0,0
1733,0,0,0
1734,0,0,0
1735,0,0,0
1736,0,0,0
1737,0,0,0
1738,0,0,0
1739,0,0,0
1740,0,0,0
1741,0,0,0
1742,0,0,0
1743,0,0,0
1744,0,0,0
1745,0,0,0
1746,0,0,0
1747,0,0,0
1748,0,0,0
1749,0,0,0
1750,0,0,0
1751,0,0,0
1752,0,0,0
1753,0,0,0
1754,0,0,0
1755,0,0,0
1756,0,0,0
1757,0,0,0
1758,0,0,0
1759,0,0,0
1760,0,0,0
1761,0,0,0
1762,0,0,0
1763,0,0,0
1764,0,0,0
1765,0,0,0
1766,0,0,0
1767,0,0,0
1768,0,0,0
1769,0,0,0
1770,0,0,0
1771,0,0,0
1772,0,0,0
1773,0,0,0
1774,0,0,0
1775,0,0,0
1776,0,0,0
1777,0,0,0
1778,0,0,0
1779,0,0,0
1780,0,0,0
1781,0,0,0
1782,0,0,0
1783,0,0,0
1784,0,0,0
1785,0,0,0
1786,0,0,0
1787,0,0,0
1788,0,0,0
1789,0,0,0
1790,0,0,0
1791,0,0,0
1792,0,0,0
1793,0,0,0
1794,0,0,0
1795,0,0,0
1796,0,0,0
1797,0,0,0
1798,0,0,0
1799,0,0,0
1800,0,0,0
1801,0,0,0
1802,0,0,0
1803,0,0,0
1804,0,0,0
1805,0,0,0
1806,0,0,0
1807,0,0,0
1808,0,0,0
1809,0,0,0
1810,0,0,0
1811,0,0,0
1812,0,0,0
1813,0,0,0
1814,0,0,0
1815,0,0,0
1816,0,0,0
1817,0,0,0
1818,0,0,0
1819,0,0,0
1820,0,0,0
1821,0,0,0
1822,0,0,0
1823,0,0,0
1824,0,0,0
1825,0,0,0
1826,0,0,0
1827,0,0,0
1828,0,0,0
1829,0,0,0
1830,0,0,0
1831,0,0,0
1832,0,0,0
1833,0,0,0
1834,0,0,0
1835,0,0,0
1836,0,0,0
1837,0,0,0
1838,0,0,0
1839,0,0,0
1840,0,0,0
1841,0,0,0
1842,0,0,0
1843,0,0,0
1844,0,0,0
1845,0,0,0
1846,0,0,0
1847,0,0,0
1848,0,0,0
1849,0,0,0
1850,0,0,0
1851,0,0,0
1852,0,0,0
1853,0,0,0
1854,0,0,0
1855,0,0,0
1856,0,0,0
1857,0,0,0
1858,0,0,0
1859,0,0,0
1860,0,0,0
1861,0,0,0
1862,0,0,0
1863,0,0,0
1864,0,0,0
1865,0,0,0
1866,0,0,0
1867,0,0,0
1868,0,0,0
1869,0,0,0
1870,0,0,0
1871,0,0,0
1872,0,0,0
1873,0,0,0
1874,0,0,0
1875,0,0,0
1876,0,0,0
1877,0,0,0
1878,0,0,0
1879,0,0,0
1880,0,0,0
1881,0,0,0
1882,0,0,0
1883,0,0,0
1884,0,0,0
1885,0,0,0
1886,0,0,0
1887,0,0,0
1888,0,0,0
1889,0,0,0
1890,0,0,0
1891,0,0,0
1892,0,0,0
1893,0,0,0
1894,0,0,0
1895,0,0,0
1896,0,0,0
1897,0,0,0
1898,0,0,0
1899,0,0,0
1900,0,0,0
1901,0,0,0
1902,0,0,0
1903,0,0,0
1904,0,0,0
1905,0,0,0
1906,0,0,0
1907,0,0,0
1908,0,0,0
1909,0,0,0
1910,0,0,0
1911,0,0,0
1912,0,0,0
1913,0,0,0
1914,0,0,0
1915,0,0,0
1916,0,0,0
1917,0,0,0
1918,0,0,0
1919,0,0,0
1920,0,0,0
1921,0,0,0
1922,0,0,0
1923,0,0,0
1924,0,0,0
1925,0,0,0
1926,0,0,0
1927,0,0,0
1928,0,0,0
1929,0,0,0
1930,0,0,0
1931,0,0,0
1932,0,0,0
1933,0,0,0
1934,0,0,0
1935,0,0,0
1936,0,0,0
1937,0,0,0
1938,0,0,0
1939,0,0,0
1940,0,0,0
1941,0,0,0
1942,0,0,0
1943,0,0,0
1944,0,0,0
1945,1,0,1
1946,1,0,1
1947,1,0,1
1948,1,0,1
1949,1,0,1
1950,1,0,1
1951,1,0,1
1952,1,0,1
1953,1,0,1
1954,0,1,1
1955,0,1,1
1956,0,1,1
1957,0,1,1
1958,0,1,1
1959,0,1,1
1960,0,1,1
1961,0,1,1
1962,0,1,1
1963,0,1,1
1964,0,1,1
1965,0,1,1
1966,0,1,1
1967,0,1,1
1968,0,1,1
1969,0,1,1
1970,0,1,1
1971,0,1,1
1972,0,1,1
1973,0,1,1
1974,0,1,1
1975,0,1,1
1976,0,1,1
1977,0,1,1
1978,0,1,1
1979,0,1,1
1980,0,1,1
1981,0,1,1
1982,0,1,1
1983,0,1,1
1984,0,1,1
1985,0,1,1
1986,0,1,1
1987,0,1,1
1988,0,1,1
1989,0,1,1
1990,0,1,1
1991,0,1,1
1992,0,1,1
1993,0,1,1
1994,0,1,1
1995,0,1,1
1996,1,0,1
1997,1,0,1
1998,1,0,1
1999,1,0,1
2000,1,0,1
2001,1,0,1
2002,1,0,1
2003,1,0,1
2004,1,0,1
2005,1,0,1
2006,1,0,1
2007,1,0,1
2008,1,0,1
2009,1,0,1
2010,1,0,1
2011,1,0,1
2012,1,0,1
2013,1,0,1
2014,1,0,1
2015,1,0,1
2016,1,0,1
2017,1,0,1
2018,1,0,1
2019,1,0,1
2020,1,0,1
2021,1,0,1
2022,1,0,1
2023,1,0,1
2024,1,0,1
2025,1,0,1
2026,1,0,1
2027,1,0,1
2028,1,0,1
2029,1,0,1
2030,1,0,1
2031,1,0,1
2032,1,0,1
2033,1,0,1
2034,1,0,1
2035,1,0,1
2036,1,0,1
2037,1,0,1
2038,1,0,1
2039,1,0,1
2040,1,0,1
2041,1,0,1
2042,1,0,1
2043,1,0,1
2044,1,0,1
2045,1,0,1
2046,1,0,1
2047,0,0,0
2048,0,0,0
2049,0,0,0
2050,0,0,0
2051,0,0,0
2052,0,0,0
2053,0,0,0
2054,0,0,0
2055,0,0,0
2056,0,0,0
2057,0,0,0
2058,0,0,0
2059,0,0,0
2060,0,0,0
2061,0,0,0
2062,0,0,0
2063,0,0,0
2064,0,0,0
2065,0,0,0
2066,0,0,0
2067,0,0,0
2068,0,0,0
2069,0,0,0
2070,0,0,0
2071,0,0,0
2072,0,0,0
2073,0,0,0
2074,0,0,0
2075,0,0,0
2076,0,0,0
2077,0,0,0
2078,0,0,0
2079,0,0,0
2080,0,0,0
2081,0,0,0
2082,0,0,0
2083,0,0,0
2084,0,0,0
2085,0,0,0
2086,0,0,0
2087,0,0,0
2088,0,0,0
2089,0,0,0
2090,0,0,0
2091,0,0,0
2092,0,0,0
2093,0,0,0
2094,0,0,0
2095,0,0,0
2096,0,0,0
2097,0,0,0
2098,0,0,0
2099,0,0,0
2100,0,0,0
2101,0,0,0
2102,0,0,0
2103,0,0,0
2104,0,0,0
2105,0,0,0
2106,0,0,0
2107,0,0,0
2108,0,0,0
2109,0,0,0
2110,0,0,0
2111,0,0,0
2112,0,0,0
2113,0,0,0
2114,0,0,0
2115,0,0,0
2116,0,0,0
2117,0,0,0
2118,0,0,0
2119,0,0,0
2120,0,0,0
2121,0,0,0
2122,0,0,0
2123,0,0,0
2124,0,0,0
2125,0,0,0
2126,0,0,0
2127,0,0,0
2128,0,0,0
2129,0,0,0
2130,0,0,0
2131,0,0,0
2132,0,0,0
2133,0,0,0
2134,0,0,0
2135,0,0,0
2136,0,0,0
2137,0,0,0
2138,0,0,0
2139,0,0,0
2140,0,0,0
2141,0,0,0
2142,0,0,0
2143,0,0,0
2144,0,0,0
2145,0,0,0
2146,0,0,0
2147,0,0,0
2148,0,0,0
2149,0,0,0
2150,0,0,0
2151,0,0,0
2152,0,0,0
2153,0,0,0
2154,0,0,0
2155,0,0,0
2156,0,0,0
2157,0,0,0
2158,0,0,0
2159,0,0,0
2160,0,0,0
2161,0,0,0
2162,0,0,0
2163,0,0,0
2164,0,0,0
2165,0,0,0
2166,0,0,0
2167,0,0,0
2168,0,0,0
2169,0,0,0
2170,0,0,0
2171,0,0,0
2172,0,0,0
2173,0,0,0
2174,0,0,0
2175,0,0,0
2176,0,0,0
2177,0,0,0
2178,0,0,0
2179,0,0,0
2180,0,0,0
2181,0,0,0
2182,0,0,0
2183,0,0,0
2184,0,0,0
2185,0,0,0
2186,0,0,0
2187,0,0,0
2188,0,0,0
2189,0,0,0
2190,0,0,0
2191,0,0,0
2192,0,0,0
2193,0,0,0
2194,0,0,0
2195,0,0,0
2196,0,0,0
2197,0,0,0
2198,0,0,0
2199,0,0,0
2200,0,0,0
2201,0,0,0
2202,0,0,0
2203,0,0,0
2204,0,0,0
2205,0,0,0
2206,0,0,0
2207,0,0,0
2208,0,0,0
2209,0,0,0
2210,0,0,0
2211,0,0,0
2212,0,0,0
2213,0,0,0
2214,0,0,0
2215,0,0,0
2216,0,0,0
2217,0,0,0
2218,0,0,0
2219,0,0,0
2220,0,0,0
2221,0,0,0
2222,0,0,0
2223,0,0,0
2224,0,0,0
2225,0,0,0
2226,0,0,0
2227,0,0,0
2228,0,0,0
2229,0,0,0
2230,0,0,0
2231,0,0,0
2232,0,0,0
2233,0,0,0
2234,0,0,0
2235,0,0,0
2236,0,0,0
2237,0,0,0
2238,0,0,0
2239,0,0,0
2240,0,0,0
2241,0,0,0
2242,0,0,0
2243,0,0,0
2244,0,0,0
2245,0,0,0
2246,0,0,0
2247,0,0,0
2248,0,0,0
2249,0,0,0
2250,0,0,0
2251,0,0,0
2252,0,0,0
2253,0,0,0
2254,0,0,0
2255,0,0,0
2256,0,0,0
2257,0,0,0
2258,0,0,0
2259,0,0,0
2260,0,0,0
2261,0,0,0
2262,0,0,0
2263,0,0,0
2264,0,0,0
2265,0,0,0
2266,0,0,0
2267,0,0,0
2268,0,0,0
2269,0,0,0
2270,0,0,0
2271,0,0,0
2272,1,0,1
2273,1,0,1
2274,1,0,1
2275,1,0,1
2276,1,0,1
2277,1,0,1
2278,1,0,1
2279,1,0,1
2280,1,0,1
2281,1,0,1
2282,1,0,1
2283,1,0,1
2284,2,0,2
2285,2,0,2
2286,2,0,2
2287,2,0,2
2288,2,0,2
2289,2,0,2
2290,2,0,2
2291,2,0,2
2292,2,0,2
2293,2,0,2
2294,1,1,2
2295,1,1,2
2296,1,1,2
2297,1,1,2
2298,1,1,2
2299,1,1,2
2300,1,1,2
2301,1,1,2
2302,1,1,2
2303,1,1,2
2304,1,1,2
2305,1,1,2
2306,1,1,2
2307,1,1,2
2308,1,1,2
2309,1,1,2
2310,2,0,2
2311,2,0,2
2312,2,0,2
2313,2,0,2
2314,2,0,2
2315,2,0,2
2316,2,0,2
2317,2,0,2
2318,2,0,2
2319,2,0,2
2320,2,0,2
2321,2,0,2
2322,2,0,2
2323,2,0,2
2324,2,0,2
2325,2,0,2
2326,2,0,2
2327,2,0,2
2328,2,0,2
2329,2,0,2
2330,2,0,2
2331,2,0,2
2332,2,0,2
2333,2,0,2
2334,2,0,2
2335,2,0,2
2336,2,0,2
2337,2,0,2
2338,2,0,2
2339,2,0,2
2340,2,0,2
2341,2,0,2
2342,2,0,2
2343,2,0,2
2344,2,0,2
2345,2,0,2
2346,2,0,2
2347,2,0,2
2348,2,0,2
2349,2,0,2
2350,2,0,2
2351,2,0,2
2352,2,0,2
2353,2,0,2
2354,2,0,2
2355,2,0,2
2356,2,0,2
2357,2,0,2
2358,2,0,2
2359,2,0,2
2360,1,0,1
2361,1,0,1
2362,1,0,1
2363,1,0,1
2364,1,0,1
2365,1,0,1
2366,1,0,1
2367,1,0,1
2368,1,0,1
2369,1,0,1
2370,1,0,1
2371,1,0,1
2372,1,0,1
2373,1,0,1
2374,1,0,1
2375,1,0,1
2376,1,0,1
2377,1,0,1
2378,1,0,1
2379,1,0,1
2380,1,0,1
2381,1,0,1
2382,1,0,1
2383,1,0,1
2384,1,0,1
2385,1,0,1
2386,1,0,1
2387,1,0,1
2388,1,0,1
2389,1,0,1
2390,1,0,1
2391,1,0,1
2392,1,0,1
2393,1,0,1
2394,1,0,1
2395,1,0,1
2396,1,0,1
2397,1,0,1
2398,1,0,1
2399,1,0,1
2400,1,0,1
2401,1,0,1
2402,1,0,1
2403,1,0,1
2404,1,0,1
2405,0,0,0
2406,0,0,0
2407,0,0,0
2408,0,0,0
2409,0,0,0
2410,0,0,0
2411,0,0,0
2412,0,0,0
2413,0,0,0
2414,0,0,0
2415,0,0,0
2416,0,0,0
2417,0,0,0
2418,0,0,0
2419,0,0,0
2420,0,0,0
2421,0,0,0
2422,0,0,0
2423,0,0,0
2424,0,0,0
2425,0,0,0
2426,0,0,0
2427,0,0,0
2428,0,0,0
2429,0,0,0
2430,0,0,0
2431,0,0,0
2432,0,0,0
2433,0,0,0
2434,0,0,0
2435,0,0,0
2436,0,0,0
2437,0,0,0
2438,0,0,0
2439,0,0,0
2440,0,0,0
2441,0,0,0
2442,0,0,0
2443,0,0,0
2444,0,0,0
2445,0,0,0
2446,0,0,0
2447,0,0,0
2448,0,0,0
2449,0,0,0
2450,0,0,0
2451,0,0,0
2452,0,0,0
2453,0,0,0
2454,0,0,0
2455,0,0,0
2456,0,0,0
2457,0,0,0
2458,0,0,0
2459,0,0,0
2460,0,0,0
2461,0,0,0
2462,0,0,0
2463,0,0,0
2464,0,0,0
2465,0,0,0
2466,0,0,0
2467,0,0,0
2468,0,0,0
2469,0,0,0
2470,0,0,0
2471,1,0,1
2472,1,0,1
2473,1,0,1
2474,1,0,1
2475,1,0,1
2476,1,0,1
2477,1,0,1
2478,1,0,1
2479,1,0,1
2480,1,0,1
2481,1,0,1
2482,1,0,1
2483,1,0,1
2484,1,0,1
2485,1,0,1
2486,2,0,2
2487,2,0,2
2488,2,0,2
2489,2,0,2
2490,2,0,2
2491,2,0,2
2492,2,0,2
2493,2,0,2
2494,2,0,2
2495,2,0,2
2496,2,0,2
2497,2,0,2
2498,2,0,2
2499,2,0,2
2500,2,0,2
2501,2,0,2
2502,2,0,2
2503,2,0,2
2504,2,0,2
2505,2,0,2
2506,2,0,2
2507,2,0,2
2508,2,0,2
2509,2,0,2
2510,2,0,2
2511,2,0,2
2512,2,0,2
2513,2,0,2
2514,2,0,2
2515,2,0,2
2516,2,0,2
2517,2,0,2
2518,2,0,2
2519,2,0,2
2520,2,0,2
2521,2,0,2
2522,2,0,2
2523,2,0,2
2524,2,0,2
2525,2,0,2
2526,2,0,2
2527,2,0,2
2528,2,0,2
2529,2,0,2
2530,2,0,2
2531,2,0,2
2532,2,0,2
2533,2,0,2
2534,2,0,2
2535,2,0,2
2536,2,0,2
2537,2,0,2
2538,2,0,2
2539,2,0,2
2540,2,0,2
2541,2,0,2
2542,2,0,2
2543,2,0,2
2544,2,0,2
2545,2,0,2
2546,2,0,2
2547,2,0,2
2548,2,0,2
2549,2,0,2
2550,2,0,2
2551,2,0,2
2552,2,0,2
2553,2,0,2
2554,2,0,2
2555,2,0,2
2556,2,0,2
2557,2,0,2
2558,2,0,2
2559,2,0,2
2560,2,0,2
2561,2,0,2
2562,2,0,2
2563,2,0,2
2564,2,0,2
2565,2,0,2
2566,2,0,2
2567,2,0,2
2568,2,0,2
2569,2,0,2
2570,2,0,2
2571,2,0,2
2572,2,0,2
2573,2,0,2
2574,2,0,2
2575,2,0,2
2576,1,0,1
2577,1,0,1
2578,1,0,1
2579,1,0,1
2580,1,0,1
2581,1,0,1
2582,1,0,1
2583,1,0,1
2584,1,0,1
2585,1,0,1
2586,1,0,1
2587,1,0,1
2588,1,0,1
2589,1,0,1
2590,1,0,1
2591,2,0,2
2592,2,0,2
2593,2,0,2
2594,2,0,2
2595,2,0,2
2596,2,0,2
2597,2,0,2
2598,2,0,2
2599,2,0,2
2600,2,0,2
2601,2,0,2
2602,2,0,2
2603,2,0,2
2604,2,0,2
2605,2,0,2
2606,2,0,2
2607,2,0,2
2608,2,0,2
2609,1,0,1
2610,1,0,1
2611,1,0,1
2612,1,0,1
2613,1,0,1
2614,1,0,1
2615,1,0,1
2616,1,0,1
2617,1,0,1
2618,1,0,1
2619,1,0,1
2620,1,0,1
2621,1,0,1
2622,1,0,1
2623,1,0,1
2624,1,0,1
2625,1,0,1
2626,1,0,1
2627,1,0,1
2628,1,0,1
2629,1,0,1
2630,1,0,1
2631,1,0,1
2632,1,0,1
2633,1,0,1
2634,1,0,1
2635,1,0,1
2636,1,0,1
2637,1,0,1
2638,1,0,1
2639,1,0,1
2640,1,0,1
2641,1,0,1
2642,1,0,1
2643,1,0,1
2644,1,0,1
2645,1,0,1
2646,1,0,1
2647,1,0,1
2648,1,0,1
2649,1,0,1
2650,1,0,1
2651,1,0,1
2652,1,0,1
2653,1,0,1
2654,1,0,1
2655,1,0,1
2656,1,0,1
2657,1,0,1
2658,1,0,1
2659,1,0,1
2660,1,0,1
2661,1,0,1
2662,1,0,1
2663,1,0,1
2664,1,0,1
2665,1,0,1
2666,1,0,1
2667,1,0,1
2668,1,0,1
2669,1,0,1
2670,1,0,1
2671,1,0,1
2672,1,0,1
2673,1,0,1
2674,1,0,1
2675,1,0,1
2676,1,0,1
2677,1,0,1
2678,1,0,1
2679,1,0,1
2680,1,0,1
2681,1,0,1
2682,1,0,1
2683,1,0,1
2684,1,0,1
2685,1,0,1
2686,1,0,1
2687,1,0,1
2688,1,0,1
2689,1,0,1
2690,1,0,1
2691,1,0,1
2692,1,0,1
2693,1,0,1
2694,1,0,1
2695,1,0,1
2696,1,0,1
2697,1,0,1
2698,1,0,1
2699,1,0,1
2700,1,0,1
2701,1,0,1
2702,1,0,1
2703,1,0,1
2704,1,0,1
2705,1,0,1
2706,1,0,1
2707,1,0,1
2708,1,0,1
2709,1,0,1
2710,1,0,1
2711,1,0,1
2712,1,0,1
2713,1,0,1
2714,1,0,1
2715,1,0,1
2716,1,0,1
2717,1,0,1
2718,1,0,1
2719,1,0,1
2720,1,0,1
2721,1,0,1
2722,1,0,1
2723,1,0,1
2724,1,0,1
2725,1,0,1
2726,1,0,1
2727,1,0,1
2728,1,0,1
2729,1,0,1
2730,1,0,1
2731,1,0,1
2732,1,0,1
2733,1,0,1
2734,1,0,1
2735,1,0,1
2736,1,0,1
2737,1,0,1
2738,1,0,1
2739,1,0,1
2740,1,0,1
2741,1,0,1
2742,1,0,1
2743,1,0,1
2744,1,0,1
2745,1,0,1
2746,1,0,1
2747,1,0,1
2748,1,0,1
2749,1,0,1
2750,1,0,1
2751,1,0,1
2752,1,0,1
2753,1,0,1
2754,1,0,1
2755,1,0,1
2756,1,0,1
2757,1,0,1
2758,1,0,1
2759,1,0,1
2760,1,0,1
2761,1,0,1
2762,1,0,1
2763,1,0,1
2764,1,0,1
2765,1,0,1
2766,1,0,1
2767,1,0,1
2768,1,0,1
2769,1,0,1
2770,1,0,1
2771,1,0,1
2772,1,0,1
2773,1,0,1
2774,1,0,1
2775,1,0,1
2776,1,0,1
2777,1,0,1
2778,1,0,1
2779,1,0,1
2780,1,0,1
2781,1,0,1
2782,1,0,1
2783,1,0,1
2784,1,0,1
2785,1,0,1
2786,1,0,1
2787,1,0,1
2788,1,0,1
2789,1,0,1
2790,1,0,1
2791,1,0,1
2792,1,0,1
2793,1,0,1
2794,1,0,1
2795,1,0,1
2796,1,0,1
2797,1,0,1
2798,1,0,1
2799,1,0,1
2800,1,0,1
2801,1,0,1
2802,1,0,1
2803,1,0,1
2804,1,0,1
2805,1,0,1
2806,1,0,1
2807,1,0,1
2808,1,0,1
2809,1,0,1
2810,1,0,1
2811,1,0,1
2812,1,0,1
2813,1,0,1
2814,1,0,1
2815,1,0,1
2816,1,0,1
2817,1,0,1
2818,1,0,1
2819,1,0,1
2820,1,0,1
2821,1,0,1
2822,1,0,1
2823,1,0,1
2824,1,0,1
2825,1,0,1
2826,1,0,1
2827,1,0,1
2828,1,0,1
2829,1,0,1
2830,1,0,1
2831,1,0,1
2832,1,0,1
2833,1,0,1
2834,1,0,1
2835,1,0,1
2836,1,0,1
2837,1,0,1
2838,1,0,1
2839,1,0,1
2840,1,0,1
2841,1,0,1
2842,1,0,1
2843,1,0,1
2844,1,0,1
2845,1,0,1
2846,1,0,1
2847,1,0,1
2848,1,0,1
2849,1,0,1
2850,1,0,1
2851,1,0,1
2852,1,0,1
2853,1,0,1
2854,1,0,1
2855,1,0,1
2856,1,0,1
2857,1,0,1
2858,1,0,1
2859,1,0,1
2860,1,0,1
2861,1,0,1
2862,1,0,1
2863,1,0,1
2864,2,0,2
2865,2,0,2
2866,2,0,2
2867,2,0,2
2868,2,0,2
2869,2,0,2
2870,2,0,2
2871,2,0,2
2872,2,0,2
2873,2,0,2
2874,2,0,2
2875,2,0,2
2876,2,0,2
2877,2,0,2
2878,2,0,2
2879,2,0,2
2880,2,0,2
2881,2,0,2
2882,2,0,2
2883,2,0,2
2884,2,0,2
2885,2,0,2
2886,2,0,2
2887,2,0,2
2888,2,0,2
2889,2,0,2
2890,2,0,2
2891,2,0,2
2892,2,0,2
2893,2,0,2
2894,2,0,2
2895,2,0,2
2896,2,0,2
2897,2,0,2
2898,2,0,2
2899,2,0,2
2900,2,0,2
2901,2,0,2
2902,2,0,2
2903,2,0,2
2904,2,0,2
2905,2,0,2
2906,2,0,2
2907,2,0,2
2908,2,0,2
2909,2,0,2
2910,2,0,2
2911,2,0,2
2912,2,0,2
2913,2,0,2
2914,2,0,2
2915,2,0,2
2916,2,0,2
2917,2,0,2
2918,2,0,2
2919,2,0,2
2920,2,0,2
2921,3,0,3
2922,3,0,3
2923,3,0,3
2924,3,0,3
2925,3,0,3
2926,3,0,3
2927,3,0,3
2928,3,0,3
2929,3,0,3
2930,2,0,2
2931,2,0,2
2932,2,0,2
2933,2,0,2
2934,2,0,2
2935,2,0,2
2936,2,0,2
2937,2,0,2
2938,2,0,2
2939,2,0,2
2940,2,0,2
2941,2,0,2
2942,1,0,1
2943,1,0,1
2944,1,0,1
2945,1,0,1
2946,1,0,1
2947,1,0,1
2948,1,0,1
2949,1,0,1
2950,1,0,1
2951,1,0,1
2952,1,0,1
2953,1,0,1
2954,1,0,1
2955,1,0,1
2956,1,0,1
2957,1,0,1
2958,1,0,1
2959,1,0,1
2960,1,0,1
2961,1,0,1
2962,1,0,1
2963,1,0,1
2964,1,0,1
2965,1,0,1
2966,1,0,1
2967,1,0,1
2968,1,0,1
2969,1,0,1
2970,1,0,1
2971,1,0,1
2972,1,0,1
2973,1,0,1
2974,1,0,1
2975,1,0,1
2976,1,0,1
2977,1,0,1
2978,1,0,1
2979,1,0,1
2980,1,0,1
2981,1,0,1
2982,1,0,1
2983,1,0,1
2984,1,0,1
2985,1,0,1
2986,1,0,1
2987,1,0,1
2988,1,0,1
2989,1,0,1
2990,1,0,1
2991,1,0,1
2992,1,0,1
2993,1,0,1
2994,1,0,1
2995,1,0,1
2996,1,0,1
2997,1,0,1
2998,1,0,1
2999,1,0,1
3000,1,0,1
3001,1,0,1
3002,1,0,1
3003,1,0,1
3004,1,0,1
3005,1,0,1
3006,1,0,1
3007,1,0,1
3008,1,0,1
3009,1,0,1
3010,1,0,1
3011,1,0,1
3012,1,0,1
3013,1,0,1
3014,1,0,1
3015,0,0,0
3016,0,0,0
3017,0,0,0
3018,0,0,0
3019,0,0,0
3020,0,0,0
3021,0,0,0
3022,0,0,0
3023,0,0,0
3024,0,0,0
3025,0,0,0
3026,0,0,0
3027,0,0,0
3028,0,0,0
3029,0,0,0
3030,0,0,0
3031,0,0,0
3032,0,0,0
3033,0,0,0
3034,0,0,0
3035,0,0,0
3036,0,0,0
3037,0,0,0
3038,0,0,0
3039,0,0,0
3040,0,0,0
3041,0,0,0
3042,0,0,0
3043,0,0,0
3044,0,0,0
3045,0,0,0
3046,0,0,0
3047,0,0,0
3048,0,0,0
3049,0,0,0
3050,0,0,0
3051,0,0,0
3052,0,0,0
3053,0,0,0
3054,0,0,0
3055,0,0,0
3056,0,0,0
3057,0,0,0
3058,0,0,0
3059,0,0,0
3060,0,0,0
3061,0,0,0
3062,0,0,0
3063,0,0,0
3064,0,0,0
3065,0,0,0
3066,0,0,0
3067,0,0,0
3068,0,0,0
3069,0,0,0
3070,0,0,0
3071,0,0,0
3072,0,0,0
3073,0,0,0
3074,0,0,0
3075,0,0,0
3076,0,0,0
3077,0,0,0
3078,0,0,0
3079,0,0,0
3080,0,0,0
3081,0,0,0
3082,0,0,0
3083,0,0,0
3084,0,0,0
3085,0,0,0
3086,0,0,0
3087,0,0,0
3088,0,0,0
3089,0,0,0
3090,0,0,0
3091,0,0,0
3092,0,0,0
3093,0,0,0
3094,0,0,0
3095,0,0,0
3096,0,0,0
3097,0,0,0
3098,0,0,0
3099,0,0,0
3100,0,0,0
3101,0,0,0
3102,0,0,0
3103,0,0,0
3104,0,0,0
3105,0,0,0
3106,0,0,0
3107,0,0,0
3108,0,0,0
3109,0,0,0
3110,0,0,0
3111,0,0,0
3112,0,0,0
3113,0,0,0
3114,0,0,0
3115,0,0,0
3116,0,0,0
3117,0,0,0
3118,0,0,0
3119,0,0,0
3120,0,0,0
3121,0,0,0
3122,0,0,0
3123,0,0,0
3124,0,0,0
3125,0,0,0
3126,0,0,0
3127,0,0,0
3128,0,0,0
3129,0,0,0
3130,0,0,0
3131,0,0,0
3132,0,0,0
3133,0,0,0
3134,0,0,0
3135,0,0,0
3136,0,0,0
3137,0,0,0
3138,0,0,0
3139,0,0,0
3140,0,0,0
3141,0,0,0
3142,0,0,0
3143,0,0,0
3144,0,0,0
3145,0,0,0
3146,0,0,0
3147,0,0,0
3148,0,0,0
3149,0,0,0
3150,0,0,0
3151,0,0,0
3152,0,0,0
3153,0,0,0
3154,0,0,0
3155,0,0,0
3156,0,0,0
3157,0,0,0
3158,0,0,0
3159,0,0,0
3160,0,0,0
3161,0,0,0
3162,0,0,0
3163,0,0,0
3164,0,0,0
3165,0,0,0
3166,0,0,0
3167,0,0,0
3168,0,0,0
3169,0,0,0
3170,0,0,0
3171,0,0,0
3172,0,0,0
3173,0,0,0
3174,0,0,0
3175,0,0,0
3176,0,0,0
3177,0,0,0
3178,0,0,0
3179,0,0,0
3180,0,0,0
3181,0,0,0
3182,0,0,0
3183,0,0,0
3184,0,0,0
3185,0,0,0
3186,0,0,0
3187,0,0,0
3188,0,0,0
3189,0,0,0
3190,0,0,0
3191,0,0,0
3192,0,0,0
3193,0,0,0
3194,0,0,0
3195,0,0,0
3196,0,0,0
3197,0,0,0
3198,0,0,0
3199,0,0,0
3200,0,0,0
3201,0,0,0
3202,0,0,0
3203,0,0,0
3204,0,0,0
3205,0,0,0
3206,0,0,0
3207,0,0,0
3208,0,0,0
3209,0,0,0
3210,0,0,0
3211,0,0,0
3212,0,0,0
3213,0,0,0
3214,0,0,0
3215,0,0,0
3216,0,0,0
3217,0,0,0
3218,0,0,0
3219,0,0,0
3220,0,0,0
3221,0,0,0
3222,0,0,0
3223,0,0,0
3224,0,0,0
3225,0,0,0
3226,0,0,0
3227,0,0,0
3228,0,0,0
3229,0,0,0
3230,0,0,0
3231,0,0,0
3232,0,0,0
3233,0,0,0
3234,0,0,0
3235,0,0,0
3236,0,0,0
3237,0,0,0
3238,0,0,0
3239,0,0,0
3240,1,0,1
3241,1,0,1
3242,1,0,1
3243,1,0,1
3244,1,0,1
3245,1,0,1
3246,1,0,1
3247,1,0,1
3248,1,0,1
3249,1,0,1
3250,1,0,1
3251,1,0,1
3252,1,0,1
3253,1,0,1
3254,1,0,1
3255,1,0,1
3256,1,0,1
3257,1,0,1
3258,1,0,1
3259,1,0,1
3260,1,0,1
3261,1,0,1
3262,1,0,1
3263,1,0,1
3264,1,0,1
3265,1,0,1
3266,1,0,1
3267,1,0,1
3268,1,0,1
3269,1,0,1
3270,1,0,1
3271,1,0,1
3272,1,0,1
3273,1,0,1
3274,1,0,1
3275,1,0,1
3276,1,0,1
3277,1,0,1
3278,1,0,1
3279,1,0,1
3280,1,0,1
3281,1,0,1
3282,1,0,1
3283,1,0,1
3284,1,0,1
3285,1,0,1
3286,1,0,1
3287,1,0,1
3288,1,0,1
3289,1,0,1
3290,1,0,1
3291,1,0,1
3292,1,0,1
3293,2,0,2
3294,2,0,2
3295,2,0,2
3296,2,0,2
3297,2,0,2
3298,2,0,2
3299,2,0,2
3300,2,0,2
3301,2,0,2
3302,2,0,2
3303,2,0,2
3304,2,0,2
3305,2,0,2
3306,2,0,2
3307,2,0,2
3308,2,0,2
3309,2,0,2
3310,2,0,2
3311,2,0,2
3312,2,0,2
3313,2,0,2
3314,2,0,2
3315,2,0,2
3316,2,0,2
3317,2,0,2
3318,2,0,2
3319,2,0,2
3320,2,0,2
3321,2,0,2
3322,2,0,2
3323,2,0,2
3324,2,0,2
3325,2,0,2
3326,2,0,2
3327,2,0,2
3328,2,0,2
3329,2,0,2
3330,2,0,2
3331,2,0,2
3332,2,0,2
3333,2,0,2
3334,2,0,2
3335,2,0,2
3336,2,0,2
3337,2,0,2
3338,2,0,2
3339,2,0,2
3340,2,0,2
3341,2,0,2
3342,2,0,2
3343,2,0,2
3344,2,0,2
3345,2,0,2
3346,2,0,2
3347,2,0,2
3348,2,0,2
3349,2,0,2
3350,2,0,2
3351,2,0,2
3352,2,0,2
3353,2,0,2
3354,2,0,2
3355,2,0,2
3356,2,0,2
3357,2,0,2
3358,2,0,2
3359,2,0,2
3360,2,0,2
3361,2,0,2
3362,2,0,2
3363,2,0,2
3364,2,0,2
3365,2,0,2
3366,2,0,2
3367,2,0,2
3368,3,0,3
3369,3,0,3
3370,3,0,3
3371,3,0,3
3372,3,0,3
3373,3,0,3
3374,3,0,3
3375,3,0,3
3376,3,0,3
3377,3,0,3
3378,3,0,3
3379,3,0,3
3380,3,0,3
3381,4,0,4
3382,4,0,4
3383,4,0,4
3384,4,0,4
3385,4,0,4
3386,4,0,4
3387,4,0,4
3388,3,0,3
3389,3,0,3
3390,3,0,3
3391,3,0,3
3392,3,0,3
3393,4,0,4
3394,4,0,4
3395,4,0,4
3396,4,0,4
3397,4,0,4
3398,4,0,4
3399,4,0,4
3400,4,0,4
3401,4,0,4
3402,5,0,5
3403,6,0,6
3404,6,0,6
3405,6,0,6
3406,6,0,6
3407,6,0,6
3408,6,0,6
3409,6,0,6
3410,6,0,6
3411,6,0,6
3412,6,0,6
3413,6,0,6
3414,6,0,6
3415,6,0,6
3416,6,0,6
3417,6,0,6
3418,6,0,6
3419,6,0,6
3420,6,0,6
3421,5,0,5
3422,5,0,5
3423,5,0,5
3424,5,0,5
3425,5,0,5
3426,5,0,5
3427,5,0,5
3428,5,0,5
3429,5,0,5
3430,5,0,5
3431,5,0,5
3432,5,0,5
3433,5,0,5
3434,5,0,5
3435,5,0,5
3436,5,0,5
3437,5,0,5
3438,5,0,5
3439,5,0,5
3440,5,0,5
3441,5,0,5
3442,5,0,5
3443,5,0,5
3444,5,0,5
3445,5,0,5
3446,5,0,5
3447,5,0,5
3448,5,0,5
3449,5,0,5
3450,5,0,5
3451,5,0,5
3452,5,0,5
3453,5,0,5
3454,5,0,5
3455,5,0,5
3456,5,0,5
3457,5,0,5
3458,5,0,5
3459,5,0,5
3460,6,0,6
3461,6,0,6
3462,6,0,6
3463,6,0,6
3464,6,0,6
3465,6,0,6
3466,6,0,6
3467,6,0,6
3468,6,0,6
3469,6,0,6
3470,6,0,6
3471,6,0,6
3472,6,0,6
3473,6,0,6
3474,6,0,6
3475,6,0,6
3476,6,0,6
3477,7,0,7
3478,7,0,7
3479,7,0,7
3480,7,0,7
3481,7,0,7
3482,7,0,7
3483,7,0,7
3484,7,0,7
3485,7,0,7
3486,7,0,7
3487,7,0,7
3488,7,0,7
3489,7,0,7
3490,6,0,6
3491,6,0,6
3492,6,0,6
3493,6,0,6
3494,6,0,6
3495,6,0,6
3496,6,0,6
3497,6,0,6
3498,6,0,6
3499,6,0,6
3500,6,0,6
3501,6,0,6
3502,6,0,6
3503,6,0,6
3504,5,0,5
3505,5,0,5
3506,5,0,5
3507,4,0,4
3508,4,0,4
3509,4,0,4
3510,4,0,4
3511,4,0,4
3512,4,0,4
3513,4,0,4
3514,4,0,4
3515,4,0,4
3516,4,0,4
3517,4,0,4
3518,4,0,4
3519,4,0,4
3520,4,0,4
3521,4,0,4
3522,4,0,4
3523,4,0,4
3524,4,0,4
3525,4,0,4
3526,4,0,4
3527,4,0,4
3528,4,0,4
3529,4,0,4
3530,4,0,4
3531,4,0,4
3532,3,0,3
3533,3,0,3
3534,3,0,3
3535,3,0,3
3536,3,0,3
3537,3,0,3
3538,3,0,3
3539,3,0,3
3540,3,0,3
3541,3,0,3
3542,3,0,3
3543,2,0,2
3544,2,0,2
3545,2,0,2
3546,2,0,2
3547,2,0,2
3548,2,0,2
3549,2,0,2
3550,2,0,2
3551,2,0,2
3552,2,0,2
3553,2,0,2
3554,2,0,2
3555,2,0,2
3556,2,0,2
3557,1,0,1
3558,1,0,1
3559,1,0,1
3560,1,0,1
3561,1,0,1
3562,1,0,1
3563,1,0,1
3564,1,0,1
3565,1,0,1
3566,1,0,1
3567,1,0,1
3568,1,0,1
3569,1,0,1
3570,1,0,1
3571,1,0,1
3572,1,0,1
3573,1,0,1
3574,1,0,1
3575,1,0,1
3576,1,0,1
3577,1,0,1
3578,1,0,1
3579,1,0,1
3580,1,0,1
3581,1,0,1
3582,1,0,1
3583,1,0,1
3584,1,0,1
3585,1,0,1
3586,1,0,1
3587,1,0,1
3588,1,0,1
3589,1,0,1
3590,1,0,1
3591,1,0,1
3592,1,0,1
3593,1,0,1
3594,1,0,1
3595,1,0,1
3596,1,0,1
3597,1,0,1
3598,1,0,1
3599,1,0,1
3600,1,0,1
3601,1,0,1
3602,1,0,1
3603,1,0,1
3604,1,0,1
3605,1,0,1
3606,1,0,1
3607,1,0,1
3608,1,0,1
3609,1,0,1
3610,1,0,1
3611,1,0,1
3612,1,0,1
3613,1,0,1
3614,1,0,1
3615,1,0,1
3616,1,0,1
3617,2,0,2
3618,2,0,2
3619,1,0,1
3620,1,0,1
3621,1,0,1
3622,1,0,1
3623,1,0,1
3624,1,0,1
3625,1,0,1
3626,1,0,1
3627,1,0,1
3628,1,0,1
3629,1,0,1
3630,1,0,1
3631,1,0,1
3632,1,0,1
3633,1,0,1
3634,1,0,1
3635,1,0,1
3636,1,0,1
3637,1,0,1
3638,1,0,1
3639,1,0,1
3640,1,0,1
3641,1,0,1
3642,1,0,1
3643,1,0,1
3644,1,0,1
3645,1,0,1
3646,1,0,1
3647,1,0,1
3648,1,0,1
3649,1,0,1
3650,1,0,1
3651,1,0,1
3652,1,0,1
3653,1,0,1
3654,1,0,1
3655,1,0,1
3656,1,0,1
3657,1,0,1
3658,1,0,1
3659,1,0,1
3660,1,0,1
3661,1,0,1
3662,1,0,1
3663,1,0,1
3664,1,0,1
3665,1,0,1
3666,1,0,1
3667,1,0,1
3668,1,0,1
3669,1,0,1
3670,1,0,1
3671,1,0,1
3672,1,0,1
3673,1,0,1
3674,1,0,1
3675,1,0,1
3676,1,0,1
3677,1,0,1
3678,1,0,1
3679,1,0,1
3680,1,0,1
3681,1,0,1
3682,1,0,1
3683,1,0,1
3684,1,0,1
3685,1,0,1
3686,1,0,1
3687,1,0,1
3688,1,0,1
3689,1,0,1
3690,1,0,1
3691,1,0,1
3692,1,0,1
3693,1,0,1
3694,1,0,1
3695,1,0,1
3696,1,0,1
3697,1,0,1
3698,1,0,1
3699,1,0,1
3700,1,0,1
3701,1,0,1
3702,1,0,1
3703,1,0,1
3704,1,0,1
3705,1,0,1
3706,1,0,1
3707,1,0,1
3708,1,0,1
3709,1,0,1
3710,1,0,1
3711,1,0,1
3712,1,0,1
3713,1,0,1
3714,1,0,1
3715,1,0,1
3716,1,0,1
3717,1,0,1
3718,1,0,1
3719,1,0,1
3720,1,0,1
3721,1,0,1
3722,1,0,1
3723,1,0,1
3724,1,0,1
3725,1,0,1
3726,1,0,1
3727,1,0,1
3728,1,0,1
3729,1,0,1
3730,1,0,1
3731,1,0,1
3732,1,0,1
3733,1,0,1
3734,1,0,1
3735,1,0,1
3736,1,0,1
3737,1,0,1
3738,1,0,1
3739,1,0,1
3740,1,0,1
3741,1,0,1
3742,1,0,1
3743,1,0,1
3744,1,0,1
3745,1,0,1
3746,1,0,1
3747,1,0,1
3748,1,0,1
3749,1,0,1
3750,1,0,1
3751,1,0,1
3752,1,0,1
3753,1,0,1
3754,1,0,1
3755,1,0,1
3756,1,0,1
3757,1,0,1
3758,1,0,1
3759,1,0,1
3760,1,0,1
3761,1,0,1
3762,1,0,1
3763,1,0,1
3764,1,0,1
3765,1,0,1
3766,1,0,1
3767,1,0,1
3768,1,0,1
3769,1,0,1
3770,1,0,1
3771,1,0,1
3772,1,0,1
3773,1,0,1
3774,1,0,1
3775,1,0,1
3776,1,0,1
3777,1,0,1
3778,1,0,1
3779,1,0,1
3780,1,0,1
3781,1,0,1
3782,1,0,1
3783,1,0,1
3784,1,0,1
3785,1,0,1
3786,1,0,1
3787,1,0,1
3788,1,0,1
3789,1,0,1
3790,1,0,1
3791,1,0,1
3792,1,0,1
3793,1,0,1
3794,1,0,1
3795,1,0,1
3796,1,0,1
3797,1,0,1
3798,1,0,1
3799,1,0,1
3800,1,0,1
3801,1,0,1
3802,1,0,1
3803,1,0,1
3804,1,0,1
3805,1,0,1
3806,1,0,1
3807,1,0,1
3808,1,0,1
3809,1,0,1
3810,1,0,1
3811,1,0,1
3812,1,0,1
3813,1,0,1
3814,1,0,1
3815,1,0,1
3816,1,0,1
3817,1,0,1
3818,1,0,1
3819,1,0,1
3820,1,0,1
3821,1,0,1
3822,1,0,1
3823,1,0,1
3824,1,0,1
3825,1,0,1
3826,1,0,1
3827,1,0,1
3828,1,0,1
3829,1,0,1
3830,1,0,1
3831,1,0,1
3832,1,0,1
3833,1,0,1
3834,1,0,1
3835,1,0,1
3836,1,0,1
3837,1,0,1
3838,1,0,1
3839,1,0,1
3840,1,0,1
3841,1,0,1
3842,1,0,1
3843,1,0,1
3844,1,0,1
3845,1,0,1
3846,1,0,1
3847,1,0,1
3848,1,0,1
3849,1,0,1
3850,1,0,1
3851,1,0,1
3852,1,0,1
3853,1,0,1
3854,1,0,1
3855,1,0,1
3856,1,0,1
3857,1,0,1
3858,1,0,1
3859,1,0,1
3860,1,0,1
3861,1,0,1
3862,1,0,1
3863,1,0,1
3864,1,0,1
3865,1,0,1
3866,1,0,1
3867,1,0,1
3868,1,0,1
3869,1,0,1
3870,1,0,1
3871,1,0,1
3872,1,0,1
3873,1,0,1
3874,1,0,1
3875,1,0,1
3876,1,0,1
3877,1,0,1
3878,1,0,1
3879,1,0,1
3880,1,0,1
3881,1,0,1
3882,1,0,1
3883,1,0,1
3884,1,0,1
3885,1,0,1
3886,1,0,1
3887,1,0,1
3888,1,0,1
3889,1,0,1
3890,1,0,1
3891,1,0,1
3892,1,0,1
3893,1,0,1
3894,1,0,1
3895,1,0,1
3896,1,0,1
3897,1,0,1
3898,1,0,1
3899,1,0,1
3900,1,0,1
3901,1,0,1
3902,1,0,1
3903,1,0,1
3904,1,0,1
3905,1,0,1
3906,1,0,1
3907,1,0,1
3908,1,0,1
3909,1,0,1
3910,1,0,1
3911,1,0,1
3912,1,0,1
3913,1,0,1
3914,1,0,1
3915,1,0,1
3916,1,0,1
3917,1,0,1
3918,1,0,1
3919,1,0,1
3920,1,0,1
3921,1,0,1
3922,1,0,1
3923,1,0,1
3924,1,0,1
3925,1,0,1
3926,1,0,1
3927,1,0,1
3928,1,0,1
3929,1,0,1
3930,1,0,1
3931,1,0,1
3932,1,0,1
3933,1,0,1
3934,1,0,1
3935,1,0,1
3936,1,0,1
3937,1,0,1
3938,1,0,1
3939,1,0,1
3940,1,0,1
3941,1,0,1
3942,1,0,1
3943,1,0,1
3944,1,0,1
3945,1,0,1
3946,1,0,1
3947,1,0,1
3948,1,0,1
3949,1,0,1
3950,1,0,1
3951,1,0,1
3952,1,0,1
3953,1,0,1
3954,1,0,1
3955,1,0,1
3956,1,0,1
3957,1,0,1
3958,1,0,1
3959,1,0,1
3960,1,0,1
3961,1,0,1
3962,1,0,1
3963,1,0,1
3964,1,0,1
3965,1,0,1
3966,1,0,1
3967,1,0,1
3968,1,0,1
3969,1,0,1
3970,1,0,1
3971,1,0,1
3972,1,0,1
3973,1,0,1
3974,1,0,1
3975,1,0,1
3976,1,0,1
3977,1,0,1
3978,1,0,1
3979,1,0,1
3980,1,0,1
3981,1,0,1
3982,1,0,1
3983,1,0,1
3984,1,0,1
3985,1,0,1
3986,1,0,1
3987,1,0,1
3988,1,0,1
3989,1,0,1
3990,0,0,0
3991,0,0,0
3992,0,0,0
3993,0,0,0
3994,0,0,0
3995,0,0,0
3996,0,0,0
3997,0,0,0
3998,0,0,0
3999,0,0,0
4000,0,0,0
4001,0,0,0
4002,0,0,0
4003,0,0,0
4004,0,0,0
4005,0,0,0
4006,0,0,0
4007,0,0,0
4008,0,0,0
4009,0,0,0
4010,0,0,0
4011,0,0,0
4012,0,0,0
4013,0,0,0
4014,0,0,0
4015,0,0,0
4016,0,0,0
4017,0,0,0
4018,0,0,0
4019,0,0,0
4020,0,0,0
4021,0,0,0
4022,0,0,0
4023,0,0,0
4024,0,0,0
4025,0,0,0
4026,0,0,0
4027,0,0,0
4028,0,0,0
4029,0,0,0
4030,0,0,0
4031,0,0,0
4032,0,0,0
4033,0,0,0
4034,0,0,0
4035,0,0,0
4036,0,0,0
4037,0,0,0
4038,0,0,0
4039,0,0,0
4040,0,0,0
4041,0,0,0
4042,0,0,0
4043,0,0,0
4044,0,0,0
4045,0,0,0
4046,0,0,0
4047,0,0,0
4048,0,0,0
4049,0,0,0
4050,0,0,0
4051,0,0,0
4052,0,0,0
4053,0,0,0
4054,0,0,0
4055,0,0,0
4056,0,0,0
4057,0,0,0
4058,0,0,0
4059,0,0,0
4060,0,0,0
4061,0,0,0
4062,0,0,0
4063,0,0,0
4064,0,0,0
4065,0,0,0
4066,0,0,0
4067,0,0,0
4068,0,0,0
4069,0,0,0
4070,0,0,0
4071,0,0,0
4072,0,0,0
4073,0,0,0
4074,0,0,0
4075,0,0,0
4076,0,0,0
4077,0,0,0
4078,0,0,0
4079,0,0,0
4080,0,0,0
4081,0,0,0
4082,0,0,0
4083,0,0,0
4084,0,0,0
4085,0,0,0
4086,0,0,0
4087,0,0,0
4088,0,0,0
4089,0,0,0
4090,0,0,0
4091,0,0,0
4092,0,0,0
4093,0,0,0
4094,0,0,0
4095,0,0,0
4096,0,0,0
4097,0,0,0
4098,0,0,0
4099,0,0,0
4100,0,0,0
4101,0,0,0
4102,0,0,0
4103,0,0,0
4104,0,0,0
4105,0,0,0
4106,0,0,0
4107,0,0,0
4108,0,0,0
4109,0,0,0
4110,0,0,0
4111,0,0,0
4112,0,0,0
4113,0,0,0
4114,0,0,0
4115,0,0,0
4116,0,0,0
4117,0,0,0
4118,0,0,0
4119,0,0,0
4120,0,0,0
4121,0,0,0
4122,0,0,0
4123,0,0,0
4124,0,0,0
4125,0,0,0
4126,0,0,0
4127,0,0,0
4128,0,0,0
4129,0,0,0
4130,0,0,0
4131,0,0,0
4132,0,0,0
4133,0,0,0
4134,0,0,0
4135,0,0,0
4136,0,0,0
4137,0,0,0
4138,0,0,0
4139,0,0,0
4140,0,0,0
4141,0,0,0
4142,0,0,0
4143,0,0,0
4144,0,0,0
4145,0,0,0
4146,0,0,0
4147,0,0,0
4148,0,0,0
4149,0,0,0
4150,0,0,0
4151,0,0,0
4152,0,0,0
4153,0,0,0
4154,0,0,0
4155,0,0,0
4156,0,0,0
4157,0,0,0
4158,0,0,0
4159,0,0,0
4160,0,0,0
4161,0,0,0
4162,0,0,0
4163,0,0,0
4164,0,0,0
4165,0,0,0
4166,0,0,0
4167,0,0,0
4168,0,0,0
4169,0,0,0
4170,0,0,0
4171,0,0,0
4172,0,0,0
4173,0,0,0
4174,0,0,0
4175,0,0,0
4176,0,0,0
4177,0,0,0
4178,0,0,0
4179,0,0,0
4180,0,0,0
4181,0,0,0
4182,0,0,0
4183,0,0,0
4184,0,0,0
4185,0,0,0
4186,0,0,0
4187,0,0,0
4188,0,0,0
4189,0,0,0
4190,0,0,0
4191,0,0,0
4192,0,0,0
4193,0,0,0
4194,0,0,0
4195,0,0,0
4196,0,0,0
4197,0,0,0
4198,0,0,0
4199,0,0,0
4200,0,0,0
4201,0,0,0
4202,0,0,0
4203,0,0,0
4204,0,0,0
4205,0,0,0
4206,0,0,0
4207,0,0,0
4208,0,0,0
4209,0,0,0
4210,0,0,0
4211,0,0,0
4212,0,0,0
4213,0,0,0
4214,0,0,0
4215,0,0,0
4216,0,0,0
4217,0,0,0
4218,0,0,0
4219,0,0,0
4220,0,0,0
4221,0,0,0
4222,0,0,0
4223,0,0,0
4224,0,0,0
4225,0,0,0
4226,0,0,0
4227,0,0,0
4228,0,0,0
4229,0,0,0
4230,0,0,0
4231,0,0,0
4232,0,0,0
4233,0,0,0
4234,0,0,0
4235,0,0,0
4236,0,0,0
4237,0,0,0
4238,0,0,0
4239,0,0,0
4240,0,0,0
4241,0,0,0
4242,0,0,0
4243,0,0,0
4244,0,0,0
4245,0,0,0
4246,0,0,0
4247,0,0,0
4248,0,0,0
4249,0,0,0
4250,0,0,0
4251,0,0,0
4252,0,0,0
4253,0,0,0
4254,0,0,0
4255,0,0,0
4256,0,0,0
4257,0,0,0
4258,0,0,0
4259,0,0,0
4260,0,0,0
4261,0,0,0
4262,0,0,0
4263,0,0,0
4264,0,0,0
4265,0,0,0
4266,0,0,0
4267,0,0,0
4268,0,0,0
4269,0,0,0
4270,0,0,0
4271,0,0,0
4272,0,0,0
4273,0,0,0
4274,0,0,0
4275,0,0,0
4276,0,0,0
4277,0,0,0
4278,0,0,0
4279,0,0,0
4280,0,0,0
4281,0,0,0
4282,0,0,0
4283,0,0,0
4284,0,0,0
4285,0,0,0
4286,0,0,0
4287,0,0,0
4288,0,0,0
4289,0,0,0
4290,1,0,1
4291,2,0,2
4292,2,0,2
4293,2,0,2
4294,2,0,2
4295,2,0,2
4296,2,0,2
4297,2,0,2
4298,2,0,2
4299,2,0,2
4300,2,0,2
4301,2,0,2
4302,2,0,2
4303,2,0,2
4304,2,0,2
4305,2,0,2
4306,2,0,2
4307,2,0,2
4308,2,0,2
4309,2,0,2
4310,2,0,2
4311,2,0,2
4312,2,0,2
4313,3,0,3
4314,3,0,3
4315,3,0,3
4316,3,0,3
4317,3,0,3
4318,3,0,3
4319,3,0,3
4320,3,0,3
4321,3,0,3
4322,3,0,3
4323,3,0,3
4324,3,0,3
4325,3,0,3
4326,2,0,2
4327,3,0,3
4328,3,0,3
4329,3,0,3
4330,3,0,3
4331,3,0,3
4332,3,0,3
4333,3,0,3
4334,3,0,3
4335,3,0,3
4336,3,0,3
4337,3,0,3
4338,2,1,3
4339,2,1,3
4340,2,1,3
4341,2,1,3
4342,2,1,3
4343,2,1,3
4344,2,1,3
4345,2,1,3
4346,2,1,3
4347,2,1,3
4348,2,1,3
4349,2,1,3
4350,2,1,3
4351,2,1,3
4352,2,1,3
4353,2,1,3
4354,2,1,3
4355,2,1,3
4356,2,1,3
4357,2,1,3
4358,2,1,3
4359,1,1,2
4360,1,1,2
4361,2,0,2
4362,2,0,2
4363,2,0,2
4364,2,0,2
4365,2,0,2
4366,2,0,2
4367,2,0,2
4368,2,0,2
4369,2,0,2
4370,2,0,2
4371,2,0,2
4372,2,0,2
4373,2,0,2
4374,2,0,2
4375,2,0,2
4376,2,0,2
4377,2,0,2
4378,2,0,2
4379,2,0,2
4380,2,0,2
4381,2,0,2
4382,2,0,2
4383,2,0,2
4384,2,0,2
4385,2,0,2
4386,2,0,2
4387,2,0,2
4388,2,0,2
4389,2,0,2
4390,2,0,2
4391,3,0,3
4392,3,0,3
4393,3,0,3
4394,3,0,3
4395,3,0,3
4396,3,0,3
4397,3,0,3
4398,3,0,3
4399,3,0,3
4400,3,0,3
4401,3,0,3
4402,3,0,3
4403,3,0,3
4404,3,0,3
4405,3,0,3
4406,3,0,3
4407,3,0,3
4408,3,0,3
4409,3,0,3
4410,3,0,3
4411,3,0,3
4412,3,0,3
4413,3,0,3
4414,3,0,3
4415,3,0,3
4416,3,0,3
4417,3,0,3
4418,2,1,3
4419,2,1,3
4420,2,1,3
4421,2,1,3
4422,2,1,3
4423,2,1,3
4424,2,1,3
4425,2,1,3
4426,2,1,3
4427,1,1,2
4428,1,1,2
4429,1,1,2
4430,1,1,2
4431,1,1,2
4432,1,1,2
4433,1,1,2
4434,1,1,2
4435,1,1,2
4436,1,1,2
4437,1,1,2
4438,1,1,2
4439,1,1,2
4440,1,1,2
4441,1,1,2
4442,1,1,2
4443,1,1,2
4444,1,1,2
4445,1,1,2
4446,1,1,2
4447,1,1,2
4448,1,1,2
4449,2,0,2
4450,2,0,2
4451,2,0,2
4452,2,0,2
4453,2,0,2
4454,1,0,1
4455,1,0,1
4456,1,0,1
4457,2,0,2
4458,2,0,2
4459,2,0,2
4460,2,0,2
4461,2,0,2
4462,2,0,2
4463,2,0,2
4464,2,0,2
4465,2,0,2
4466,2,0,2
4467,2,0,2
4468,2,0,2
4469,2,0,2
4470,2,0,2
4471,2,0,2
4472,2,0,2
4473,2,0,2
4474,2,0,2
4475,2,0,2
4476,2,0,2
4477,2,0,2
4478,2,0,2
4479,2,0,2
4480,2,0,2
4481,2,0,2
4482,2,0,2
4483,3,0,3
4484,3,0,3
4485,3,0,3
4486,3,0,3
4487,4,0,4
4488,4,0,4
4489,4,0,4
4490,4,0,4
4491,3,0,3
4492,3,0,3
4493,3,0,3
4494,3,0,3
4495,3,0,3
4496,3,0,3
4497,3,0,3
4498,3,0,3
4499,3,0,3
4500,3,0,3
4501,3,0,3
4502,3,0,3
4503,3,0,3
4504,3,0,3
4505,3,0,3
4506,3,0,3
4507,3,0,3
4508,3,0,3
4509,3,0,3
4510,3,0,3
4511,3,0,3
4512,3,0,3
4513,3,0,3
4514,3,0,3
4515,3,0,3
4516,3,0,3
4517,3,0,3
4518,3,0,3
4519,2,1,3
4520,2,1,3
4521,2,1,3
4522,2,1,3
4523,2,1,3
4524,2,1,3
4525,2,1,3
4526,2,1,3
4527,2,1,3
4528,3,1,4
4529,3,1,4
4530,3,1,4
4531,3,1,4
4532,3,1,4
4533,2,2,4
4534,2,2,4
4535,2,2,4
4536,2,2,4
4537,2,2,4
4538,2,2,4
4539,2,2,4
4540,3,2,5
4541,3,2,5
4542,3,2,5
4543,2,3,5
4544,2,3,5
4545,2,3,5
4546,2,3,5
4547,2,3,5
4548,2,3,5
4549,2,3,5
4550,2,3,5
4551,2,3,5
4552,1,3,4
4553,0,3,3
4554,0,3,3
4555,1,2,3
4556,1,2,3
4557,1,2,3
4558,1,2,3
4559,1,2,3
4560,1,2,3
4561,1,2,3
4562,1,2,3
4563,1,2,3
4564,1,2,3
4565,1,2,3
4566,1,2,3
4567,1,2,3
4568,2,1,3
4569,2,1,3
4570,2,1,3
4571,2,1,3
4572,2,1,3
4573,2,1,3
4574,2,1,3
4575,2,1,3
4576,2,1,3
4577,2,1,3
4578,2,1,3
4579,2,1,3
4580,2,1,3
4581,2,1,3
4582,2,1,3
4583,3,0,3
4584,3,0,3
4585,3,0,3
4586,3,0,3
4587,3,0,3
4588,2,0,2
4589,2,0,2
4590,2,0,2
4591,2,0,2
4592,2,0,2
4593,2,0,2
4594,2,0,2
4595,2,0,2
4596,2,0,2
4597,2,0,2
4598,2,0,2
4599,2,0,2
4600,2,0,2
4601,2,0,2
4602,2,0,2
4603,2,0,2
4604,2,0,2
4605,2,0,2
4606,2,0,2
4607,2,0,2
4608,2,0,2
4609,2,0,2
4610,2,0,2
4611,2,0,2
4612,2,0,2
4613,2,0,2
4614,2,0,2
4615,1,0,1
4616,1,0,1
4617,1,0,1
4618,1,0,1
4619,1,0,1
4620,1,0,1
4621,1,0,1
4622,1,0,1
4623,0,0,0
4624,0,0,0
4625,0,0,0
4626,0,0,0
4627,0,0,0
4628,0,0,0
4629,0,0,0
4630,0,0,0
4631,0,0,0
4632,0,0,0
4633,0,0,0
4634,0,0,0
4635,0,0,0
4636,0,0,0
4637,0,0,0
4638,0,0,0
4639,0,0,0
4640,0,0,0
4641,0,0,0
4642,0,0,0
4643,0,0,0
4644,0,0,0
4645,0,0,0
4646,0,0,0
4647,0,0,0
4648,0,0,0
4649,0,0,0
4650,0,0,0
4651,0,0,0
4652,0,0,0
4653,0,0,0
4654,0,0,0
4655,0,0,0
4656,0,0,0
4657,0,0,0
4658,1,0,1
4659,1,0,1
4660,1,0,1
4661,1,0,1
4662,1,0,1
4663,1,0,1
4664,1,0,1
4665,1,0,1
4666,1,0,1
4667,1,0,1
4668,1,0,1
4669,1,0,1
4670,1,0,1
4671,1,0,1
4672,1,0,1
4673,1,0,1
4674,1,0,1
4675,1,0,1
4676,1,0,1
4677,1,0,1
4678,1,0,1
4679,1,0,1
4680,1,0,1
4681,1,0,1
4682,1,0,1
4683,1,0,1
4684,1,0,1
4685,1,0,1
4686,1,0,1
4687,2,0,2
4688,2,0,2
4689,2,0,2
4690,2,0,2
4691,2,0,2
4692,2,0,2
4693,2,0,2
4694,2,0,2
4695,2,0,2
4696,2,0,2
4697,2,0,2
4698,2,0,2
4699,2,0,2
4700,2,0,2
4701,2,0,2
4702,2,0,2
4703,2,0,2
4704,2,0,2
4705,2,0,2
4706,2,0,2
4707,2,0,2
4708,2,0,2
4709,2,0,2
4710,2,0,2
4711,2,0,2
4712,2,0,2
4713,2,0,2
4714,2,0,2
4715,2,0,2
4716,2,0,2
4717,2,0,2
4718,2,0,2
4719,2,0,2
4720,2,0,2
4721,2,0,2
4722,2,0,2
4723,2,0,2
4724,2,0,2
4725,2,0,2
4726,2,0,2
4727,2,0,2
4728,2,0,2
4729,2,0,2
4730,2,0,2
4731,1,0,1
4732,1,0,1
4733,1,0,1
4734,1,0,1
4735,1,0,1
4736,1,0,1
4737,1,0,1
4738,1,0,1
4739,1,0,1
4740,1,0,1
4741,1,0,1
4742,1,0,1
4743,1,0,1
4744,1,0,1
4745,1,0,1
4746,1,0,1
4747,1,0,1
4748,1,0,1
4749,1,0,1
4750,1,0,1
4751,1,0,1
4752,1,0,1
4753,1,0,1
4754,1,0,1
4755,1,0,1
4756,1,0,1
4757,1,0,1
4758,1,0,1
4759,2,0,2
4760,2,0,2
4761,2,0,2
4762,2,0,2
4763,2,0,2
4764,2,0,2
4765,2,0,2
4766,3,0,3
4767,3,0,3
4768,3,0,3
4769,3,0,3
4770,2,0,2
4771,2,0,2
4772,2,0,2
4773,2,0,2
4774,2,0,2
4775,3,0,3
4776,3,0,3
4777,3,0,3
4778,3,0,3
4779,3,0,3
4780,3,0,3
4781,3,0,3
4782,3,0,3
4783,3,0,3
4784,3,0,3
4785,3,0,3
4786,3,0,3
4787,3,0,3
4788,3,0,3
4789,3,0,3
4790,3,0,3
4791,3,0,3
4792,3,0,3
4793,3,0,3
4794,3,0,3
4795,3,0,3
4796,3,0,3
4797,3,0,3
4798,3,0,3
4799,3,0,3
4800,3,0,3
4801,3,0,3
4802,3,0,3
4803,3,0,3
4804,3,0,3
4805,3,0,3
4806,3,0,3
4807,3,0,3
4808,3,0,3
4809,3,0,3
4810,3,0,3
4811,3,0,3
4812,3,0,3
4813,3,0,3
4814,3,0,3
4815,3,0,3
4816,3,0,3
4817,3,0,3
4818,3,0,3
4819,3,0,3
4820,3,0,3
4821,3,0,3
4822,3,0,3
4823,3,0,3
4824,3,0,3
4825,3,0,3
4826,3,0,3
4827,3,0,3
4828,3,0,3
4829,3,0,3
4830,3,0,3
4831,3,0,3
4832,3,0,3
4833,3,0,3
4834,3,0,3
4835,3,0,3
4836,3,0,3
4837,3,0,3
4838,3,0,3
4839,3,0,3
4840,3,0,3
4841,3,0,3
4842,3,0,3
4843,3,0,3
4844,3,0,3
4845,3,0,3
4846,3,0,3
4847,3,0,3
4848,3,0,3
4849,3,0,3
4850,3,0,3
4851,3,0,3
4852,3,0,3
4853,3,0,3
4854,3,0,3
4855,3,0,3
4856,3,0,3
4857,3,0,3
4858,3,0,3
4859,3,0,3
4860,3,0,3
4861,3,0,3
4862,3,0,3
4863,3,0,3
4864,3,0,3
4865,3,0,3
4866,3,0,3
4867,3,0,3
4868,3,0,3
4869,3,0,3
4870,3,0,3
4871,3,0,3
4872,3,0,3
4873,3,0,3
4874,3,0,3
4875,3,0,3
4876,3,0,3
4877,3,0,3
4878,3,0,3
4879,3,0,3
4880,3,0,3
4881,3,0,3
4882,3,0,3
4883,3,0,3
4884,3,0,3
4885,3,0,3
4886,3,0,3
4887,3,0,3
4888,3,0,3
4889,3,0,3
4890,3,0,3
4891,3,0,3
4892,4,0,4
4893,4,0,4
4894,4,0,4
4895,4,0,4
4896,4,0,4
4897,4,0,4
4898,4,0,4
4899,5,0,5
4900,5,0,5
4901,5,0,5
4902,5,0,5
4903,5,0,5
4904,5,0,5
4905,5,0,5
4906,5,0,5
4907,5,0,5
4908,5,0,5
4909,5,0,5
4910,5,0,5
4911,5,0,5
4912,5,0,5
4913,5,0,5
4914,5,0,5
4915,5,0,5
4916,4,0,4
4917,4,0,4
4918,4,0,4
4919,4,0,4
4920,4,0,4
4921,4,0,4
4922,3,0,3
4923,3,0,3
4924,3,0,3
4925,3,0,3
4926,3,0,3
4927,3,0,3
4928,3,0,3
4929,3,0,3
4930,3,0,3
4931,3,0,3
4932,3,0,3
4933,3,0,3
4934,3,0,3
4935,3,0,3
4936,3,0,3
4937,3,0,3
4938,3,0,3
4939,3,0,3
4940,3,0,3
4941,3,0,3
4942,3,0,3
4943,3,0,3
4944,3,0,3
4945,3,0,3
4946,3,0,3
4947,2,0,2
4948,2,0,2
4949,2,0,2
4950,2,0,2
4951,2,0,2
4952,2,0,2
4953,2,0,2
4954,2,0,2
4955,2,0,2
4956,2,0,2
4957,2,0,2
4958,2,0,2
4959,2,0,2
4960,2,0,2
4961,2,0,2
4962,2,0,2
4963,2,0,2
4964,2,0,2
4965,2,0,2
4966,2,0,2
4967,2,0,2
4968,2,0,2
4969,1,0,1
4970,1,0,1
4971,1,0,1
4972,1,0,1
4973,1,0,1
4974,1,0,1
4975,1,0,1
4976,1,0,1
4977,1,0,1
4978,1,0,1
4979,1,0,1
4980,1,0,1
4981,1,0,1
4982,1,0,1
4983,1,0,1
4984,1,0,1
4985,1,0,1
4986,1,0,1
4987,1,0,1
4988,1,0,1
4989,1,0,1
4990,1,0,1
4991,1,0,1
4992,1,0,1
4993,1,0,1
4994,1,0,1
4995,1,0,1
4996,1,0,1
4997,1,0,1
4998,1,0,1
4999,1,0,1
5000,1,0,1
5001,1,0,1
5002,1,0,1
5003,1,0,1
5004,1,0,1
5005,1,0,1
5006,1,0,1
5007,1,0,1
5008,1,0,1
5009,1,0,1
5010,1,0,1
5011,0,0,0
5012,0,0,0
5013,0,0,0
5014,0,0,0
5015,0,0,0
5016,0,0,0
5017,0,0,0
5018,0,0,0
5019,0,0,0
5020,0,0,0
5021,0,0,0
5022,0,0,0
5023,0,0,0
5024,0,0,0
5025,0,0,0
5026,0,0,0
5027,0,0,0
5028,0,0,0
5029,0,0,0
5030,0,0,0
5031,0,0,0
5032,0,0,0
5033,0,0,0
5034,0,0,0
5035,0,0,0
5036,0,0,0
5037,0,0,0
5038,0,0,0
5039,0,0,0
5040,0,0,0
5041,0,0,0
5042,0,0,0
5043,0,0,0
5044,0,0,0
5045,0,0,0
5046,0,0,0
5047,0,0,0
5048,0,0,0
5049,0,0,0
5050,0,0,0
5051,0,0,0
5052,0,0,0
5053,0,0,0
5054,0,0,0
5055,0,0,0
5056,0,0,0
5057,0,0,0
5058,0,0,0
5059,0,0,0
5060,0,0,0
5061,0,0,0
5062,0,0,0
5063,0,0,0
5064,0,0,0
5065,1,0,1
5066,1,0,1
5067,1,0,1
5068,1,0,1
5069,1,0,1
5070,1,0,1
5071,1,0,1
5072,1,0,1
5073,1,0,1
5074,1,0,1
5075,1,0,1
5076,1,0,1
5077,1,0,1
5078,1,0,1
5079,1,0,1
5080,1,0,1
5081,1,0,1
5082,1,0,1
5083,1,0,1
5084,1,0,1
5085,1,0,1
5086,1,0,1
5087,1,0,1
5088,1,0,1
5089,1,0,1
5090,1,0,1
5091,1,0,1
5092,1,0,1
5093,1,0,1
5094,1,0,1
5095,1,0,1
5096,1,0,1
5097,1,0,1
5098,1,0,1
5099,1,0,1
5100,1,0,1
5101,1,0,1
5102,1,0,1
5103,1,0,1
5104,1,0,1
5105,1,0,1
5106,1,0,1
5107,1,0,1
5108,1,0,1
5109,1,0,1
5110,1,0,1
5111,1,0,1
5112,1,0,1
5113,1,0,1
5114,1,0,1
5115,1,0,1
5116,1,0,1
5117,1,0,1
5118,1,0,1
5119,1,0,1
5120,1,0,1
5121,1,0,1
5122,1,0,1
5123,1,0,1
5124,1,0,1
5125,1,0,1
5126,1,0,1
5127,1,0,1
5128,1,0,1
5129,1,0,1
5130,1,0,1
5131,1,0,1
5132,1,0,1
5133,1,0,1
5134,1,0,1
5135,1,0,1
5136,1,0,1
5137,1,0,1
5138,1,0,1
5139,1,0,1
5140,1,0,1
5141,1,0,1
5142,1,0,1
5143,1,0,1
5144,1,0,1
5145,1,0,1
5146,1,0,1
5147,1,0,1
5148,1,0,1
5149,1,0,1
5150,1,0,1
5151,1,0,1
5152,1,0,1
5153,1,0,1
5154,1,0,1
5155,1,0,1
5156,1,0,1
5157,1,0,1
5158,1,0,1
5159,1,0,1
5160,1,0,1
5161,1,0,1
5162,1,0,1
5163,1,0,1
5164,1,0,1
5165,1,0,1
5166,1,0,1
5167,1,0,1
5168,1,0,1
5169,1,0,1
5170,1,0,1
5171,1,0,1
5172,1,0,1
5173,1,0,1
5174,1,0,1
5175,1,0,1
5176,1,0,1
5177,1,0,1
5178,1,0,1
5179,1,0,1
5180,2,0,2
5181,2,0,2
5182,2,0,2
5183,2,0,2
5184,2,0,2
5185,2,0,2
5186,2,0,2
5187,2,0,2
5188,2,0,2
5189,2,0,2
5190,2,0,2
5191,2,0,2
5192,2,0,2
5193,2,0,2
5194,2,0,2
5195,2,0,2
5196,2,0,2
5197,2,0,2
5198,2,0,2
5199,2,0,2
5200,2,0,2
5201,2,0,2
5202,2,0,2
5203,2,0,2
5204,2,0,2
5205,2,0,2
5206,2,0,2
5207,2,0,2
5208,2,0,2
5209,2,0,2
5210,1,0,1
5211,1,0,1
5212,1,0,1
5213,1,0,1
5214,1,0,1
5215,1,0,1
5216,1,0,1
5217,1,0,1
5218,0,0,0
5219,0,0,0
5220,0,0,0
5221,0,0,0
5222,0,0,0
5223,0,0,0
5224,0,0,0
5225,0,0,0
5226,0,0,0
5227,0,0,0
5228,0,0,0
5229,0,0,0
5230,0,0,0
5231,0,0,0
5232,0,0,0
5233,0,0,0
5234,0,0,0
5235,0,0,0
5236,0,0,0
5237,0,0,0
5238,0,0,0
5239,0,0,0
5240,0,0,0
5241,0,0,0
5242,0,0,0
5243,0,0,0
5244,0,0,0
5245,0,0,0
5246,0,0,0
5247,0,0,0
5248,0,0,0
5249,0,0,0
5250,0,0,0
5251,0,0,0
5252,0,0,0
5253,0,0,0
5254,0,0,0
5255,0,0,0
5256,0,0,0
5257,0,0,0
5258,0,0,0
5259,0,0,0
5260,0,0,0
5261,0,0,0
5262,0,0,0
5263,0,0,0
5264,0,0,0
5265,0,0,0
5266,0,0,0
5267,0,0,0
5268,0,0,0
5269,0,0,0
5270,0,0,0
5271,1,0,1
5272,1,0,1
5273,1,0,1
5274,1,0,1
5275,1,0,1
5276,1,0,1
5277,1,0,1
5278,1,0,1
5279,1,0,1
5280,1,0,1
5281,1,0,1
5282,1,0,1
5283,1,0,1
5284,1,0,1
5285,1,0,1
5286,1,0,1
5287,1,0,1
5288,1,0,1
5289,1,0,1
5290,1,0,1
5291,1,0,1
5292,1,0,1
5293,1,0,1
5294,1,0,1
5295,1,0,1
5296,1,0,1
5297,1,0,1
5298,1,0,1
5299,1,0,1
5300,1,0,1
5301,1,0,1
5302,1,0,1
5303,1,0,1
5304,2,0,2
5305,2,0,2
5306,2,0,2
5307,2,0,2
5308,2,0,2
5309,2,0,2
5310,2,0,2
5311,2,0,2
5312,2,0,2
5313,1,0,1
5314,1,0,1
5315,2,0,2
5316,2,0,2
5317,2,0,2
5318,2,0,2
5319,2,0,2
5320,2,0,2
5321,2,0,2
5322,2,0,2
5323,2,0,2
5324,2,0,2
5325,2,0,2
5326,2,0,2
5327,2,0,2
5328,2,0,2
5329,2,0,2
5330,2,0,2
5331,2,0,2
5332,2,0,2
5333,2,0,2
5334,2,0,2
5335,2,0,2
5336,2,0,2
5337,2,0,2
5338,2,0,2
5339,2,0,2
5340,2,0,2
5341,2,0,2
5342,2,0,2
5343,2,0,2
5344,2,0,2
5345,2,0,2
5346,2,0,2
5347,2,0,2
5348,2,0,2
5349,2,0,2
5350,2,0,2
5351,2,0,2
5352,2,0,2
5353,2,0,2
5354,2,0,2
5355,2,0,2
5356,2,0,2
5357,2,0,2
5358,2,0,2
5359,2,0,2
5360,2,0,2
5361,2,0,2
5362,2,0,2
5363,2,0,2
5364,2,0,2
5365,2,0,2
5366,2,0,2
5367,2,0,2
5368,2,0,2
5369,2,0,2
5370,2,0,2
5371,2,0,2
5372,2,0,2
5373,2,0,2
5374,2,0,2
5375,2,0,2
5376,2,0,2
5377,2,0,2
5378,2,0,2
5379,2,0,2
5380,2,0,2
5381,2,0,2
5382,2,0,2
5383,2,0,2
5384,2,0,2
5385,2,0,2
5386,2,0,2
5387,2,0,2
5388,2,0,2
5389,2,0,2
5390,2,0,2
5391,2,0,2
5392,2,0,2
5393,2,0,2
5394,2,0,2
5395,1,0,1
5396,1,0,1
5397,1,0,1
5398,1,0,1
5399,1,0,1
5400,1,0,1
5401,1,0,1
5402,1,0,1
5403,1,0,1
5404,1,0,1
5405,1,0,1
5406,1,0,1
5407,1,0,1
5408,1,0,1
5409,1,0,1
5410,1,0,1
5411,1,0,1
5412,0,0,0
5413,0,0,0
5414,0,0,0
5415,0,0,0
5416,0,0,0
5417,0,0,0
5418,0,0,0
5419,0,0,0
5420,0,0,0
5421,0,0,0
5422,0,0,0
5423,0,0,0
5424,0,0,0
5425,0,0,0
5426,0,0,0
5427,0,0,0
5428,0,0,0
5429,0,0,0
5430,0,0,0
5431,0,0,0
5432,0,0,0
5433,0,0,0
5434,0,0,0
5435,0,0,0
5436,0,0,0
5437,0,0,0
5438,0,0,0
5439,0,0,0
5440,0,0,0
5441,0,0,0
5442,0,0,0
5443,0,0,0
5444,0,0,0
5445,0,0,0
5446,0,0,0
5447,0,0,0
5448,0,0,0
5449,0,0,0
5450,0,0,0
5451,0,0,0
5452,0,0,0
5453,0,0,0
5454,0,0,0
5455,0,0,0
5456,0,0,0
5457,0,0,0
5458,0,0,0
5459,1,0,1
5460,1,0,1
5461,1,0,1
5462,1,0,1
5463,1,0,1
5464,1,0,1
5465,1,0,1
5466,1,0,1
5467,1,0,1
5468,1,0,1
5469,1,0,1
5470,1,0,1
5471,1,0,1
5472,1,0,1
5473,1,0,1
5474,1,0,1
5475,1,0,1
5476,1,0,1
5477,1,0,1
5478,1,0,1
5479,1,0,1
5480,1,0,1
5481,1,0,1
5482,1,0,1
5483,1,0,1
5484,1,0,1
5485,1,0,1
5486,1,0,1
5487,1,0,1
5488,1,0,1
5489,1,0,1
5490,1,0,1
5491,1,0,1
5492,1,0,1
5493,1,0,1
5494,1,0,1
5495,1,0,1
5496,1,0,1
5497,1,0,1
5498,1,0,1
5499,1,0,1
5500,1,0,1
5501,1,0,1
5502,1,0,1
5503,1,0,1
5504,1,0,1
5505,1,0,1
5506,1,0,1
5507,1,0,1
5508,1,0,1
5509,1,0,1
5510,1,0,1
5511,1,0,1
5512,1,0,1
5513,1,0,1
5514,1,0,1
5515,1,0,1
5516,1,0,1
5517,1,0,1
5518,1,0,1
5519,1,0,1
5520,1,0,1
5521,1,0,1
5522,1,0,1
5523,1,0,1
5524,1,0,1
5525,1,0,1
5526,1,0,1
5527,0,0,0
5528,0,0,0
5529,0,0,0
5530,0,0,0
5531,0,0,0
5532,0,0,0
5533,0,0,0
5534,0,0,0
5535,0,0,0
5536,0,0,0
5537,0,0,0
5538,0,0,0
5539,0,0,0
5540,0,0,0
5541,0,0,0
5542,0,0,0
5543,0,0,0
5544,0,0,0
5545,0,0,0
5546,0,0,0
5547,0,0,0
5548,0,0,0
5549,0,0,0
5550,0,0,0
5551,0,0,0
5552,0,0,0
5553,0,0,0
5554,0,0,0
5555,0,0,0
5556,0,0,0
5557,0,0,0
5558,0,0,0
5559,1,0,1
5560,1,0,1
5561,1,0,1
5562,1,0,1
5563,1,0,1
5564,1,0,1
5565,1,0,1
5566,1,0,1
5567,1,0,1
5568,1,0,1
5569,1,0,1
5570,2,0,2
5571,2,0,2
5572,2,0,2
5573,2,0,2
5574,2,0,2
5575,2,0,2
5576,2,0,2
5577,2,0,2
5578,2,0,2
5579,2,0,2
5580,2,0,2
5581,2,0,2
5582,2,0,2
5583,2,0,2
5584,2,0,2
5585,2,0,2
5586,2,0,2
5587,2,0,2
5588,2,0,2
5589,2,0,2
5590,2,0,2
5591,2,0,2
5592,2,0,2
5593,2,0,2
5594,2,0,2
5595,2,0,2
5596,2,0,2
5597,2,0,2
5598,2,0,2
5599,2,0,2
5600,2,0,2
5601,2,0,2
5602,2,0,2
5603,2,0,2
5604,2,0,2
5605,2,0,2
5606,2,0,2
5607,2,0,2
5608,2,0,2
5609,2,0,2
5610,2,0,2
5611,2,0,2
5612,2,0,2
5613,2,0,2
5614,2,0,2
5615,2,0,2
5616,3,0,3
5617,3,0,3
5618,3,0,3
5619,3,0,3
5620,3,0,3
5621,2,0,2
5622,2,0,2
5623,2,0,2
5624,2,0,2
5625,2,0,2
5626,2,0,2
5627,2,0,2
5628,2,0,2
5629,2,0,2
5630,3,0,3
5631,3,0,3
5632,3,0,3
5633,4,0,4
5634,4,0,4
5635,4,0,4
5636,4,0,4
5637,4,0,4
5638,4,0,4
5639,5,0,5
5640,5,0,5
5641,4,0,4
5642,4,0,4
5643,4,0,4
5644,4,0,4
5645,4,0,4
5646,4,0,4
5647,4,0,4
5648,4,0,4
5649,4,0,4
5650,4,0,4
5651,4,0,4
5652,4,0,4
5653,4,0,4
5654,4,0,4
5655,4,0,4
5656,4,0,4
5657,4,0,4
5658,4,0,4
5659,4,0,4
5660,4,0,4
5661,4,0,4
5662,4,0,4
5663,4,0,4
5664,4,0,4
5665,4,0,4
5666,4,0,4
5667,4,0,4
5668,4,0,4
5669,4,0,4
5670,4,0,4
5671,4,0,4
5672,4,0,4
5673,3,0,3
5674,3,0,3
5675,3,0,3
5676,3,0,3
5677,3,0,3
5678,3,0,3
5679,3,0,3
5680,3,0,3
5681,3,0,3
5682,3,0,3
5683,3,0,3
5684,3,0,3
5685,3,0,3
5686,3,0,3
5687,3,0,3
5688,3,0,3
5689,3,0,3
5690,3,0,3
5691,3,0,3
5692,3,0,3
5693,3,0,3
5694,3,0,3
5695,3,0,3
5696,3,0,3
5697,3,0,3
5698,4,0,4
5699,4,0,4
5700,4,0,4
5701,3,0,3
5702,3,0,3
5703,3,0,3
5704,3,0,3
5705,3,0,3
5706,3,0,3
5707,3,0,3
5708,4,0,4
5709,4,0,4
5710,4,0,4
5711,4,0,4
5712,4,0,4
5713,4,0,4
5714,4,0,4
5715,4,0,4
5716,4,0,4
5717,4,0,4
5718,4,0,4
5719,4,0,4
5720,4,0,4
5721,4,0,4
5722,4,0,4
5723,4,0,4
5724,4,0,4
5725,4,0,4
5726,4,0,4
5727,4,0,4
5728,4,0,4
5729,4,0,4
5730,4,0,4
5731,5,0,5
5732,5,0,5
5733,5,0,5
5734,5,0,5
5735,5,0,5
5736,5,0,5
5737,5,0,5
5738,5,0,5
5739,5,0,5
5740,5,0,5
5741,5,0,5
5742,4,0,4
5743,4,0,4
5744,4,0,4
5745,4,0,4
5746,5,0,5
5747,5,0,5
5748,5,0,5
5749,5,0,5
5750,5,0,5
5751,5,0,5
5752,5,0,5
5753,5,0,5
5754,5,0,5
5755,4,0,4
5756,4,0,4
5757,4,0,4
5758,4,0,4
5759,4,0,4
5760,4,0,4
5761,4,0,4
5762,4,0,4
5763,4,0,4
5764,4,0,4
5765,4,0,4
5766,4,0,4
5767,4,0,4
5768,4,0,4
5769,4,0,4
5770,5,0,5
5771,5,0,5
5772,5,0,5
5773,5,0,5
5774,5,0,5
5775,5,0,5
5776,5,0,5
5777,5,0,5
5778,5,0,5
5779,4,0,4
5780,4,0,4
5781,4,0,4
5782,4,0,4
5783,4,0,4
5784,4,0,4
5785,4,0,4
5786,4,0,4
5787,4,0,4
5788,3,0,3
5789,3,0,3
5790,3,0,3
5791,3,0,3
5792,3,0,3
5793,3,0,3
5794,3,0,3
5795,3,0,3
5796,3,0,3
5797,3,0,3
5798,3,0,3
5799,3,0,3
5800,3,0,3
5801,3,0,3
5802,3,0,3
5803,3,0,3
5804,3,0,3
5805,3,0,3
5806,3,0,3
5807,3,0,3
5808,3,0,3
5809,3,0,3
5810,3,0,3
5811,3,0,3
5812,3,0,3
5813,3,0,3
5814,3,0,3
5815,3,0,3
5816,3,0,3
5817,3,0,3
5818,3,0,3
5819,3,0,3
5820,3,0,3
5821,3,0,3
5822,3,0,3
5823,3,0,3
5824,3,0,3
5825,3,0,3
5826,3,0,3
5827,3,0,3
5828,3,0,3
5829,3,0,3
5830,3,0,3
5831,3,0,3
5832,3,0,3
5833,3,0,3
5834,3,0,3
5835,3,0,3
5836,3,0,3
5837,3,0,3
5838,3,0,3
5839,3,0,3
5840,3,0,3
5841,3,0,3
5842,3,0,3
5843,3,0,3
5844,3,0,3
5845,3,0,3
5846,3,0,3
5847,3,0,3
5848,3,0,3
5849,3,0,3
5850,3,0,3
5851,3,0,3
5852,3,0,3
5853,3,0,3
5854,3,0,3
5855,3,0,3
5856,3,0,3
5857,3,0,3
5858,3,0,3
5859,3,0,3
5860,3,0,3
5861,2,0,2
5862,2,0,2
5863,2,0,2
5864,2,0,2
5865,2,0,2
5866,2,0,2
5867,2,0,2
5868,2,0,2
5869,2,0,2
5870,2,0,2
5871,2,0,2
5872,2,0,2
5873,2,0,2
5874,2,0,2
5875,2,0,2
5876,2,0,2
5877,2,0,2
5878,2,0,2
5879,2,0,2
5880,2,0,2
5881,2,0,2
5882,2,0,2
5883,2,0,2
5884,2,0,2
5885,2,0,2
5886,2,0,2
5887,2,0,2
5888,2,0,2
5889,2,0,2
5890,2,0,2
5891,2,0,2
5892,2,0,2
5893,2,0,2
5894,2,0,2
5895,2,0,2
5896,2,0,2
5897,2,0,2
5898,2,0,2
5899,2,0,2
5900,2,0,2
5901,3,0,3
5902,3,0,3
5903,3,0,3
5904,3,0,3
5905,3,0,3
5906,3,0,3
5907,3,0,3
5908,3,0,3
5909,3,0,3
5910,3,0,3
5911,3,0,3
5912,3,0,3
5913,3,0,3
5914,3,0,3
5915,3,0,3
5916,3,0,3
5917,3,0,3
5918,3,0,3
5919,3,0,3
5920,3,0,3
5921,3,0,3
5922,3,0,3
5923,3,0,3
5924,3,0,3
5925,3,0,3
5926,3,0,3
5927,3,0,3
5928,3,0,3
5929,3,0,3
5930,3,0,3
5931,3,0,3
5932,3,0,3
5933,3,0,3
5934,3,0,3
5935,3,0,3
5936,3,0,3
5937,3,0,3
5938,3,0,3
5939,3,0,3
5940,3,0,3
5941,3,0,3
5942,3,0,3
5943,2,0,2
5944,2,0,2
5945,2,0,2
5946,2,0,2
5947,2,0,2
5948,2,0,2
5949,2,0,2
5950,2,0,2
5951,2,0,2
5952,2,0,2
5953,2,0,2
5954,2,0,2
5955,2,0,2
5956,2,0,2
5957,2,0,2
5958,3,0,3
5959,2,0,2
5960,2,0,2
5961,2,0,2
5962,2,0,2
5963,2,0,2
5964,2,0,2
5965,2,0,2
5966,2,0,2
5967,2,0,2
5968,2,0,2
5969,2,0,2
5970,2,0,2
5971,2,0,2
5972,2,0,2
5973,2,0,2
5974,2,0,2
5975,2,0,2
5976,2,0,2
5977,2,0,2
5978,2,0,2
5979,2,0,2
5980,2,0,2
5981,2,0,2
5982,2,0,2
5983,2,0,2
5984,2,0,2
5985,2,0,2
5986,2,0,2
5987,2,0,2
5988,2,0,2
5989,2,0,2
5990,2,0,2
5991,2,0,2
5992,2,0,2
5993,2,0,2
5994,2,0,2
5995,3,0,3
5996,3,0,3
5997,3,0,3
5998,3,0,3
5999,3,0,3
6000,3,0,3
6001,3,0,3
6002,3,0,3
6003,3,0,3
6004,3,0,3
6005,3,0,3
6006,3,0,3
6007,3,0,3
6008,3,0,3
6009,3,0,3
6010,3,0,3
6011,3,0,3
6012,3,0,3
6013,3,0,3
6014,3,0,3
6015,3,0,3
6016,3,0,3
6017,3,0,3
6018,3,0,3
6019,3,0,3
6020,3,0,3
6021,3,0,3
6022,3,0,3
6023,3,0,3
6024,3,0,3
6025,3,0,3
6026,3,0,3
6027,3,0,3
6028,3,0,3
6029,3,0,3
6030,3,0,3
6031,3,0,3
6032,3,0,3
6033,3,0,3
6034,3,0,3
6035,3,0,3
6036,3,0,3
6037,3,0,3
6038,3,0,3
6039,3,0,3
6040,3,0,3
6041,3,0,3
6042,3,0,3
6043,3,0,3
6044,3,0,3
6045,3,0,3
6046,3,0,3
6047,3,0,3
6048,3,0,3
6049,3,0,3
6050,3,0,3
6051,3,0,3
6052,3,0,3
6053,3,0,3
6054,3,0,3
6055,3,0,3
6056,3,0,3
6057,3,0,3
6058,3,0,3
6059,3,0,3
6060,3,0,3
6061,3,0,3
6062,3,0,3
6063,3,0,3
6064,3,0,3
6065,3,0,3
6066,3,0,3
6067,3,0,3
6068,3,0,3
6069,3,0,3
6070,3,0,3
6071,3,0,3
6072,3,0,3
6073,3,0,3
6074,3,0,3
6075,3,0,3
6076,3,0,3
6077,3,0,3
6078,3,0,3
6079,3,0,3
6080,4,0,4
6081,4,0,4
6082,4,0,4
6083,4,0,4
6084,4,0,4
6085,4,0,4
6086,4,0,4
6087,4,0,4
6088,4,0,4
6089,4,0,4
6090,4,0,4
6091,4,0,4
6092,4,0,4
6093,4,0,4
6094,5,0,5
6095,5,0,5
6096,5,0,5
6097,5,0,5
6098,5,0,5
6099,5,0,5
6100,5,0,5
6101,5,0,5
6102,5,0,5
6103,5,0,5
6104,5,0,5
6105,5,0,5
6106,5,0,5
6107,5,0,5
6108,5,0,5
6109,6,0,6
6110,6,0,6
6111,6,0,6
6112,6,0,6
6113,6,0,6
6114,6,0,6
6115,6,0,6
6116,5,0,5
6117,5,0,5
6118,5,0,5
6119,5,0,5
6120,5,0,5
6121,5,0,5
6122,5,0,5
6123,5,0,5
6124,5,0,5
6125,5,0,5
6126,5,0,5
6127,5,0,5
6128,5,0,5
6129,5,0,5
6130,5,0,5
6131,5,0,5
6132,5,0,5
6133,5,0,5
6134,5,0,5
6135,5,0,5
6136,5,0,5
6137,5,0,5
6138,5,0,5
6139,5,0,5
6140,5,0,5
6141,5,0,5
6142,5,0,5
6143,4,0,4
6144,4,0,4
6145,4,0,4
6146,4,0,4
6147,4,0,4
6148,4,0,4
6149,4,0,4
6150,4,0,4
6151,4,0,4
6152,4,0,4
6153,4,0,4
6154,4,0,4
6155,4,0,4
6156,4,0,4
6157,4,0,4
6158,5,0,5
6159,5,0,5
6160,5,0,5
6161,5,0,5
6162,5,0,5
6163,6,0,6
6164,6,0,6
6165,6,0,6
6166,6,0,6
6167,6,0,6
6168,6,0,6
6169,6,0,6
6170,6,0,6
6171,5,0,5
6172,5,0,5
6173,5,0,5
6174,5,0,5
6175,4,0,4
6176,4,0,4
6177,4,0,4
6178,4,0,4
6179,4,0,4
6180,4,0,4
6181,4,0,4
6182,4,0,4
6183,4,0,4
6184,4,0,4
6185,4,0,4
6186,4,0,4
6187,4,0,4
6188,4,0,4
6189,4,0,4
6190,4,0,4
6191,4,0,4
6192,4,0,4
6193,4,0,4
6194,4,0,4
6195,4,0,4
6196,4,0,4
6197,4,0,4
6198,4,0,4
6199,4,0,4
6200,4,0,4
6201,4,0,4
6202,4,0,4
6203,5,0,5
6204,5,0,5
6205,5,0,5
6206,5,0,5
6207,5,0,5
6208,5,0,5
6209,5,0,5
6210,5,0,5
6211,5,0,5
6212,5,0,5
6213,5,0,5
6214,5,0,5
6215,6,0,6
6216,6,0,6
6217,6,0,6
6218,6,0,6
6219,6,0,6
6220,5,0,5
6221,5,0,5
6222,5,0,5
6223,5,0,5
6224,4,0,4
6225,4,0,4
6226,5,0,5
6227,5,0,5
6228,5,0,5
6229,5,0,5
6230,5,0,5
6231,5,0,5
6232,5,0,5
6233,5,0,5
6234,5,0,5
6235,5,0,5
6236,5,0,5
6237,5,0,5
6238,5,0,5
6239,5,0,5
6240,5,0,5
6241,5,0,5
6242,5,0,5
6243,5,0,5
6244,5,0,5
6245,5,0,5
6246,5,0,5
6247,6,0,6
6248,6,0,6
6249,6,0,6
6250,6,0,6
6251,6,0,6
6252,6,0,6
6253,6,0,6
6254,6,0,6
6255,6,0,6
6256,6,0,6
6257,6,0,6
6258,6,0,6
6259,6,0,6
6260,6,0,6
6261,6,0,6
6262,6,0,6
6263,6,0,6
6264,7,0,7
6265,7,0,7
6266,7,0,7
6267,7,0,7
6268,7,0,7
6269,7,0,7
6270,7,0,7
6271,7,0,7
6272,7,0,7
6273,7,0,7
6274,7,0,7
6275,7,0,7
6276,7,0,7
6277,7,0,7
6278,7,0,7
6279,6,0,6
6280,6,0,6
6281,6,0,6
6282,6,0,6
6283,6,0,6
6284,6,0,6
6285,6,0,6
6286,6,0,6
6287,6,0,6
6288,6,0,6
6289,6,0,6
6290,6,0,6
6291,6,0,6
6292,6,0,6
6293,6,0,6
6294,6,0,6
6295,6,0,6
6296,6,0,6
6297,6,0,6
6298,6,0,6
6299,7,0,7
6300,8,0,8
6301,8,0,8
6302,8,0,8
6303,8,0,8
6304,8,0,8
6305,8,0,8
6306,8,0,8
6307,8,0,8
6308,8,0,8
6309,8,0,8
6310,8,0,8
6311,8,0,8
6312,7,0,7
6313,7,0,7
6314,7,0,7
6315,7,0,7
6316,6,1,7
6317,6,1,7
6318,6,1,7
6319,6,1,7
6320,6,1,7
6321,6,1,7
6322,6,1,7
6323,6,1,7
6324,6,1,7
6325,6,1,7
6326,6,1,7
6327,6,1,7
6328,6,1,7
6329,6,1,7
6330,6,1,7
6331,6,1,7
6332,6,1,7
6333,6,1,7
6334,6,1,7
6335,6,1,7
6336,6,1,7
6337,6,1,7
6338,6,1,7
6339,6,1,7
6340,5,2,7
6341,6,1,7
6342,6,1,7
6343,6,1,7
6344,6,1,7
6345,6,1,7
6346,6,1,7
6347,6,1,7
6348,6,1,7
6349,6,1,7
6350,6,1,7
6351,5,1,6
6352,5,1,6
6353,5,1,6
6354,6,0,6
6355,6,0,6
6356,5,0,5
6357,5,0,5
6358,5,0,5
6359,5,0,5
6360,5,0,5
6361,5,0,5
6362,5,0,5
6363,5,0,5
6364,5,0,5
6365,5,0,5
6366,4,0,4
6367,4,0,4
6368,4,0,4
6369,4,0,4
6370,4,0,4
6371,4,0,4
6372,4,0,4
6373,4,0,4
6374,4,0,4
6375,4,0,4
6376,4,0,4
6377,4,0,4
6378,4,0,4
6379,4,0,4
6380,4,0,4
6381,4,0,4
6382,4,0,4
6383,4,0,4
6384,4,0,4
6385,4,0,4
6386,4,0,4
6387,4,0,4
6388,4,0,4
6389,4,0,4
6390,4,0,4
6391,4,0,4
6392,3,0,3
6393,3,0,3
6394,3,0,3
6395,3,0,3
6396,3,0,3
6397,3,0,3
6398,3,0,3
6399,3,0,3
6400,3,0,3
6401,3,0,3
6402,3,0,3
6403,3,0,3
6404,3,0,3
6405,3,0,3
6406,3,0,3
6407,3,0,3
6408,3,0,3
6409,3,0,3
6410,3,0,3
6411,3,0,3
6412,3,0,3
6413,3,0,3
6414,3,0,3
6415,3,0,3
6416,3,0,3
6417,3,0,3
6418,3,0,3
6419,3,0,3
6420,3,0,3
6421,3,0,3
6422,3,0,3
6423,3,0,3
6424,3,0,3
6425,3,0,3
6426,3,0,3
6427,3,0,3
6428,3,0,3
6429,3,0,3
6430,3,0,3
6431,3,0,3
6432,3,0,3
6433,3,0,3
6434,3,0,3
6435,3,0,3
6436,3,0,3
6437,2,0,2
6438,2,0,2
6439,2,0,2
6440,2,0,2
6441,2,0,2
6442,2,0,2
6443,2,0,2
6444,2,0,2
6445,2,0,2
6446,2,0,2
6447,2,0,2
6448,2,0,2
6449,2,0,2
6450,2,0,2
6451,2,0,2
6452,2,0,2
6453,2,0,2
6454,2,0,2
6455,2,0,2
6456,2,0,2
6457,2,0,2
6458,2,0,2
6459,2,0,2
6460,2,0,2
6461,2,0,2
6462,2,0,2
6463,2,0,2
6464,2,0,2
6465,2,0,2
6466,2,0,2
6467,2,0,2
6468,2,0,2
6469,2,0,2
6470,1,0,1
6471,1,0,1
6472,1,0,1
6473,1,0,1
6474,1,0,1
6475,1,0,1
6476,1,0,1
6477,1,0,1
6478,1,0,1
6479,1,0,1
6480,1,0,1
6481,1,0,1
6482,1,0,1
6483,1,0,1
6484,1,0,1
6485,1,0,1
6486,1,0,1
6487,1,0,1
6488,1,0,1
6489,1,0,1
6490,1,0,1
6491,1,0,1
6492,1,0,1
6493,1,0,1
6494,1,0,1
6495,1,0,1
6496,1,0,1
6497,1,0,1
6498,1,0,1
6499,1,0,1
6500,1,0,1
6501,1,0,1
6502,1,0,1
6503,1,0,1
6504,1,0,1
6505,1,0,1
6506,1,0,1
6507,1,0,1
6508,1,0,1
6509,1,0,1
6510,1,0,1
6511,1,0,1
6512,1,0,1
6513,1,0,1
6514,1,0,1
6515,1,0,1
6516,1,0,1
6517,1,0,1
6518,1,0,1
6519,1,0,1
6520,1,0,1
6521,1,0,1
6522,1,0,1
6523,1,0,1
6524,1,0,1
6525,1,0,1
6526,1,0,1
6527,1,0,1
6528,1,0,1
6529,1,0,1
6530,1,0,1
6531,1,0,1
6532,1,0,1
6533,1,0,1
6534,1,0,1
6535,1,0,1
6536,1,0,1
6537,1,0,1
6538,1,0,1
6539,1,0,1
6540,1,0,1
6541,1,0,1
6542,1,0,1
6543,1,0,1
6544,1,0,1
6545,1,0,1
6546,1,0,1
6547,1,0,1
6548,1,0,1
6549,1,0,1
6550,1,0,1
6551,1,0,1
6552,1,0,1
6553,1,0,1
6554,1,0,1
6555,1,0,1
6556,1,0,1
6557,1,0,1
6558,1,0,1
6559,1,0,1
6560,2,0,2
6561,2,0,2
6562,2,0,2
6563,2,0,2
6564,2,0,2
6565,2,0,2
6566,2,0,2
6567,2,0,2
6568,2,0,2
6569,2,0,2
6570,2,0,2
6571,2,0,2
6572,2,0,2
6573,2,0,2
6574,2,0,2
6575,2,0,2
6576,2,0,2
6577,2,0,2
6578,2,0,2
6579,2,0,2
6580,2,0,2
6581,3,0,3
6582,3,0,3
6583,3,0,3
6584,3,0,3
6585,3,0,3
6586,3,0,3
6587,3,0,3
6588,3,0,3
6589,3,0,3
6590,3,0,3
6591,3,0,3
6592,3,0,3
6593,3,0,3
6594,3,0,3
6595,3,0,3
6596,3,0,3
6597,3,0,3
6598,4,0,4
6599,4,0,4
6600,4,0,4
6601,4,0,4
6602,4,0,4
6603,4,0,4
6604,4,0,4
6605,4,0,4
6606,3,0,3
6607,3,0,3
6608,3,0,3
6609,3,0,3
6610,3,0,3
6611,3,0,3
6612,3,0,3
6613,3,0,3
6614,3,0,3
6615,3,0,3
6616,3,0,3
6617,3,0,3
6618,3,0,3
6619,3,0,3
6620,3,0,3
6621,3,0,3
6622,3,0,3
6623,3,0,3
6624,3,0,3
6625,3,0,3
6626,3,0,3
6627,3,0,3
6628,3,0,3
6629,3,0,3
6630,3,0,3
6631,3,0,3
6632,3,0,3
6633,3,0,3
6634,3,0,3
6635,3,0,3
6636,3,0,3
6637,3,0,3
6638,3,0,3
6639,3,0,3
6640,3,0,3
6641,3,0,3
6642,3,0,3
6643,3,0,3
6644,2,0,2
6645,2,0,2
6646,2,0,2
6647,2,0,2
6648,2,0,2
6649,1,0,1
6650,1,0,1
6651,1,0,1
6652,1,0,1
6653,1,0,1
6654,1,0,1
6655,1,0,1
6656,1,0,1
6657,1,0,1
6658,1,0,1
6659,1,0,1
6660,1,0,1
6661,1,0,1
6662,1,0,1
6663,1,0,1
6664,1,0,1
6665,1,0,1
6666,1,0,1
6667,1,0,1
6668,1,0,1
6669,1,0,1
6670,1,0,1
6671,1,0,1
6672,1,0,1
6673,1,0,1
6674,1,0,1
6675,1,0,1
6676,1,0,1
6677,1,0,1
6678,1,0,1
6679,1,0,1
6680,1,0,1
6681,1,0,1
6682,0,0,0
6683,0,0,0
6684,0,0,0
6685,0,0,0
6686,0,0,0
6687,0,0,0
6688,0,0,0
6689,0,0,0
6690,0,0,0
6691,0,0,0
6692,0,0,0
6693,0,0,0
6694,0,0,0
6695,0,0,0
6696,0,0,0
6697,0,0,0
6698,0,0,0
6699,0,0,0
6700,1,0,1
6701,1,0,1
6702,1,0,1
6703,1,0,1
6704,1,0,1
6705,1,0,1
6706,1,0,1
6707,1,0,1
6708,1,0,1
6709,1,0,1
6710,1,0,1
6711,1,0,1
6712,1,0,1
6713,1,0,1
6714,1,0,1
6715,1,0,1
6716,1,0,1
6717,1,0,1
6718,1,0,1
6719,1,0,1
6720,1,0,1
6721,1,0,1
6722,1,0,1
6723,1,0,1
6724,1,0,1
6725,1,0,1
6726,1,0,1
6727,1,0,1
6728,1,0,1
6729,1,0,1
6730,1,0,1
6731,1,0,1
6732,1,0,1
6733,1,0,1
6734,1,0,1
6735,1,0,1
6736,0,0,0
6737,0,0,0
6738,0,0,0
6739,0,0,0
6740,0,0,0
6741,0,0,0
6742,0,0,0
6743,0,0,0
6744,0,0,0
6745,0,0,0
6746,0,0,0
6747,0,0,0
6748,0,0,0
6749,0,0,0
6750,0,0,0
6751,0,0,0
6752,0,0,0
6753,0,0,0
6754,0,0,0
6755,0,0,0
6756,0,0,0
6757,0,0,0
6758,0,0,0
6759,0,0,0
6760,0,0,0
6761,0,0,0
6762,0,0,0
6763,0,0,0
6764,0,0,0
6765,0,0,0
6766,0,0,0
6767,0,0,0
6768,0,0,0
6769,0,0,0
6770,0,0,0
6771,0,0,0
6772,0,0,0
6773,0,0,0
6774,0,0,0
6775,0,0,0
6776,0,0,0
6777,0,0,0
6778,0,0,0
6779,0,0,0
6780,0,0,0
6781,0,0,0
6782,0,0,0
6783,0,0,0
6784,0,0,0
6785,0,0,0
6786,0,0,0
6787,0,0,0
6788,0,0,0
6789,0,0,0
6790,0,0,0
6791,0,0,0
6792,0,0,0
6793,0,0,0
6794,0,0,0
6795,0,0,0
6796,0,0,0
6797,0,0,0
6798,0,0,0
6799,0,0,0
6800,0,0,0
6801,0,0,0
6802,0,0,0
6803,0,0,0
6804,0,0,0
6805,0,0,0
6806,0,0,0
6807,0,0,0
6808,0,0,0
6809,0,0,0
6810,0,0,0
6811,0,0,0
6812,0,0,0
6813,0,0,0
6814,0,0,0
6815,0,0,0
6816,0,0,0
6817,0,0,0
6818,0,0,0
6819,0,0,0
6820,0,0,0
6821,0,0,0
6822,0,0,0
6823,0,0,0
6824,0,0,0
6825,0,0,0
6826,0,0,0
6827,0,0,0
6828,0,0,0
6829,0,0,0
6830,0,0,0
6831,0,0,0
6832,0,0,0
6833,0,0,0
6834,0,0,0
6835,0,0,0
6836,0,0,0
6837,1,0,1
6838,1,0,1
6839,1,0,1
6840,1,0,1
6841,1,0,1
6842,1,0,1
6843,1,0,1
6844,1,0,1
6845,1,0,1
6846,1,0,1
6847,1,0,1
6848,1,0,1
6849,1,0,1
6850,1,0,1
6851,1,0,1
6852,1,0,1
6853,1,0,1
6854,1,0,1
6855,1,0,1
6856,1,0,1
6857,1,0,1
6858,1,0,1
6859,1,0,1
6860,1,0,1
6861,1,0,1
6862,1,0,1
6863,1,0,1
6864,1,0,1
6865,1,0,1
6866,1,0,1
6867,1,0,1
6868,1,0,1
6869,1,0,1
6870,1,0,1
6871,1,0,1
6872,1,0,1
6873,1,0,1
6874,1,0,1
6875,1,0,1
6876,1,0,1
6877,1,0,1
6878,1,0,1
6879,1,0,1
6880,1,0,1
6881,1,0,1
6882,1,0,1
6883,1,0,1
6884,1,0,1
6885,0,0,0
6886,0,0,0
6887,0,0,0
6888,0,0,0
6889,0,0,0
6890,0,0,0
6891,0,0,0
6892,0,0,0
6893,0,0,0
6894,0,0,0
6895,0,0,0
6896,0,0,0
6897,0,0,0
6898,0,0,0
6899,0,0,0
6900,0,0,0
6901,0,0,0
6902,0,0,0
6903,0,0,0
6904,0,0,0
6905,0,0,0
6906,0,0,0
6907,0,0,0
6908,0,0,0
6909,0,0,0
6910,0,0,0
6911,0,0,0
6912,0,0,0
6913,0,0,0
6914,0,0,0
6915,0,0,0
6916,0,0,0
6917,0,0,0
6918,0,0,0
6919,0,0,0
6920,0,0,0
6921,0,0,0
6922,0,0,0
6923,0,0,0
6924,0,0,0
6925,0,0,0
6926,0,0,0
6927,0,0,0
6928,0,0,0
6929,0,0,0
6930,0,0,0
6931,0,0,0
6932,0,0,0
6933,0,0,0
6934,0,0,0
6935,0,0,0
6936,0,0,0
6937,0,0,0
6938,0,0,0
6939,0,0,0
6940,0,0,0
6941,0,0,0
6942,0,0,0
6943,0,0,0
6944,0,0,0
6945,0,0,0
6946,0,0,0
6947,0,0,0
6948,0,0,0
6949,0,0,0
6950,0,0,0
6951,0,0,0
6952,0,0,0
6953,0,0,0
6954,0,0,0
6955,0,0,0
6956,0,0,0
6957,0,0,0
6958,0,0,0
6959,0,0,0
6960,0,0,0
6961,0,0,0
6962,0,0,0
6963,0,0,0
6964,0,0,0
6965,0,0,0
6966,0,0,0
6967,0,0,0
6968,0,0,0
6969,0,0,0
6970,0,0,0
6971,0,0,0
6972,0,0,0
6973,0,0,0
6974,0,0,0
6975,0,0,0
6976,0,0,0
6977,0,0,0
6978,0,0,0
6979,0,0,0
6980,0,0,0
6981,0,0,0
6982,0,0,0
6983,0,0,0
6984,0,0,0
6985,0,0,0
6986,0,0,0
6987,0,0,0
6988,0,0,0
6989,0,0,0
6990,0,0,0
6991,0,0,0
6992,0,0,0
6993,0,0,0
6994,0,0,0
6995,0,0,0
6996,0,0,0
6997,0,0,0
6998,0,0,0
6999,0,0,0
7000,0,0,0
7001,0,0,0
7002,0,0,0
7003,0,0,0
7004,0,0,0
7005,0,0,0
7006,0,0,0
7007,0,0,0
7008,0,0,0
7009,0,0,0
7010,0,0,0
7011,0,0,0
7012,0,0,0
7013,0,0,0
7014,0,0,0
7015,0,0,0
7016,0,0,0
7017,0,0,0
7018,0,0,0
7019,0,0,0
7020,0,0,0
7021,0,0,0
7022,0,0,0
7023,0,0,0
7024,0,0,0
7025,0,0,0
7026,0,0,0
7027,0,0,0
7028,0,0,0
7029,0,0,0
7030,0,0,0
7031,0,0,0
7032,0,0,0
7033,0,0,0
7034,0,0,0
7035,0,0,0
7036,0,0,0
7037,0,0,0
7038,0,0,0
7039,0,0,0
7040,0,0,0
7041,0,0,0
7042,0,0,0
7043,0,0,0
7044,0,0,0
7045,0,0,0
7046,0,0,0
7047,0,0,0
7048,0,0,0
7049,0,0,0
7050,0,0,0
7051,0,0,0
7052,0,0,0
7053,0,0,0
7054,0,0,0
7055,0,0,0
7056,0,0,0
7057,0,0,0
7058,0,0,0
7059,0,0,0
7060,0,0,0
7061,0,0,0
7062,0,0,0
7063,0,0,0
7064,0,0,0
7065,0,0,0
7066,0,0,0
7067,0,0,0
7068,0,0,0
7069,0,0,0
7070,0,0,0
7071,0,0,0
7072,0,0,0
7073,0,0,0
7074,0,0,0
7075,0,0,0
7076,0,0,0
7077,0,0,0
7078,0,0,0
7079,0,0,0
7080,0,0,0
7081,0,0,0
7082,0,0,0
7083,0,0,0
7084,0,0,0
7085,0,0,0
7086,0,0,0
7087,0,0,0
7088,0,0,0
7089,0,0,0
7090,0,0,0
7091,0,0,0
7092,0,0,0
7093,0,0,0
7094,0,0,0
7095,0,0,0
7096,0,0,0
7097,0,0,0
7098,0,0,0
7099,0,0,0
7100,0,0,0
7101,0,0,0
7102,0,0,0
7103,0,0,0
7104,0,0,0
7105,0,0,0
7106,0,0,0
7107,0,0,0
7108,0,0,0
7109,0,0,0
7110,0,0,0
7111,0,0,0
7112,0,0,0
7113,0,0,0
7114,0,0,0
7115,0,0,0
7116,1,0,1
7117,1,0,1
7118,2,0,2
7119,2,0,2
7120,2,0,2
7121,2,0,2
7122,2,0,2
7123,2,0,2
7124,2,0,2
7125,2,0,2
7126,2,0,2
7127,2,0,2
7128,2,0,2
7129,2,0,2
7130,2,0,2
7131,2,0,2
7132,2,0,2
7133,2,0,2
7134,2,0,2
7135,2,0,2
7136,2,0,2
7137,2,0,2
7138,2,0,2
7139,2,0,2
7140,2,0,2
7141,2,0,2
7142,2,0,2
7143,2,0,2
7144,2,0,2
7145,2,0,2
7146,2,0,2
7147,2,0,2
7148,2,0,2
7149,2,0,2
7150,2,0,2
7151,2,0,2
7152,2,0,2
7153,2,0,2
7154,2,0,2
7155,2,0,2
7156,1,0,1
7157,1,0,1
7158,1,0,1
7159,1,0,1
7160,1,0,1
7161,1,0,1
7162,1,0,1
7163,1,0,1
7164,1,0,1
7165,1,0,1
7166,1,0,1
7167,1,0,1
7168,1,0,1
7169,1,0,1
7170,1,0,1
7171,1,0,1
7172,1,0,1
7173,1,0,1
7174,1,0,1
7175,1,0,1
7176,1,0,1
7177,1,0,1
7178,1,0,1
7179,1,0,1
7180,1,0,1
7181,1,0,1
7182,1,0,1
7183,1,0,1
7184,1,0,1
7185,1,0,1
7186,1,0,1
7187,1,0,1
7188,1,0,1
7189,1,0,1
7190,1,0,1
7191,1,0,1
7192,1,0,1
7193,1,0,1
7194,1,0,1
7195,1,0,1
7196,1,0,1
7197,2,0,2
7198,2,0,2
7199,2,0,2
7200,2,0,2
7201,2,0,2
7202,2,0,2
7203,2,0,2
7204,2,0,2
7205,2,0,2
7206,2,0,2
7207,2,0,2
7208,2,0,2
7209,2,0,2
7210,2,0,2
7211,3,0,3
7212,3,0,3
7213,3,0,3
7214,3,0,3
7215,3,0,3
7216,3,0,3
7217,3,0,3
7218,3,0,3
7219,3,0,3
7220,3,0,3
7221,3,0,3
7222,3,0,3
7223,3,0,3
7224,3,0,3
7225,3,0,3
7226,3,0,3
7227,3,0,3
7228,3,0,3
7229,3,0,3
7230,3,0,3
7231,3,0,3
7232,3,0,3
7233,3,0,3
7234,3,0,3
7235,3,0,3
7236,3,0,3
7237,3,0,3
7238,3,0,3
7239,3,0,3
7240,3,0,3
7241,3,0,3
7242,3,0,3
7243,3,0,3
7244,3,0,3
7245,2,0,2
7246,2,0,2
7247,2,0,2
7248,2,0,2
7249,2,0,2
7250,2,0,2
7251,2,0,2
7252,2,0,2
7253,2,0,2
7254,2,0,2
7255,2,0,2
7256,2,0,2
7257,1,0,1
7258,1,0,1
7259,1,0,1
7260,2,0,2
7261,2,0,2
7262,2,0,2
7263,2,0,2
7264,2,0,2
7265,2,0,2
7266,2,0,2
7267,2,0,2
7268,2,0,2
7269,2,0,2
7270,2,0,2
7271,2,0,2
7272,2,0,2
7273,2,0,2
7274,2,0,2
7275,2,0,2
7276,3,0,3
7277,3,0,3
7278,3,0,3
7279,3,0,3
7280,3,0,3
7281,3,0,3
7282,3,0,3
7283,3,0,3
7284,3,0,3
7285,3,0,3
7286,3,0,3
7287,3,0,3
7288,3,0,3
7289,3,0,3
7290,3,0,3
7291,3,0,3
7292,3,0,3
7293,4,0,4
7294,4,0,4
7295,4,0,4
7296,4,0,4
7297,4,0,4
7298,4,0,4
7299,4,0,4
7300,5,0,5
7301,5,0,5
7302,5,0,5
7303,5,0,5
7304,5,0,5
7305,5,0,5
7306,5,0,5
7307,5,0,5
7308,5,0,5
7309,5,0,5
7310,5,0,5
7311,5,0,5
7312,5,0,5
7313,5,0,5
7314,5,0,5
7315,5,0,5
7316,5,0,5
7317,5,0,5
7318,5,0,5
7319,5,0,5
7320,5,0,5
7321,4,0,4
7322,4,0,4
7323,4,0,4
7324,4,0,4
7325,4,0,4
7326,4,0,4
7327,4,0,4
7328,4,0,4
7329,4,0,4
7330,4,0,4
7331,4,0,4
7332,4,0,4
7333,4,0,4
7334,4,0,4
7335,4,0,4
7336,4,0,4
7337,4,0,4
7338,4,0,4
7339,4,0,4
7340,4,0,4
7341,4,0,4
7342,5,0,5
7343,5,0,5
7344,5,0,5
7345,5,0,5
7346,5,0,5
7347,5,0,5
7348,5,0,5
7349,5,0,5
7350,5,0,5
7351,5,0,5
7352,5,0,5
7353,5,0,5
7354,5,0,5
7355,5,0,5
7356,5,0,5
7357,5,0,5
7358,5,0,5
7359,5,0,5
7360,3,0,3
7361,3,0,3
7362,3,0,3
7363,3,0,3
7364,3,0,3
7365,3,0,3
7366,3,0,3
7367,3,0,3
7368,3,0,3
7369,2,0,2
7370,2,0,2
7371,2,0,2
7372,2,0,2
7373,2,0,2
7374,2,0,2
7375,2,0,2
7376,2,0,2
7377,2,0,2
7378,1,0,1
7379,1,0,1
7380,1,0,1
7381,1,0,1
7382,1,0,1
7383,1,0,1
7384,1,0,1
7385,1,0,1
7386,1,0,1
7387,1,0,1
7388,1,0,1
7389,1,0,1
7390,1,0,1
7391,1,0,1
7392,1,0,1
7393,1,0,1
7394,1,0,1
7395,1,0,1
7396,1,0,1
7397,1,0,1
7398,1,0,1
7399,1,0,1
7400,1,0,1
7401,1,0,1
7402,1,0,1
7403,1,0,1
7404,1,0,1
7405,1,0,1
7406,1,0,1
7407,1,0,1
7408,1,0,1
7409,1,0,1
7410,1,0,1
7411,1,0,1
7412,1,0,1
7413,1,0,1
7414,1,0,1
7415,1,0,1
7416,1,0,1
7417,1,0,1
7418,1,0,1
7419,1,0,1
7420,1,0,1
7421,1,0,1
7422,1,0,1
7423,1,0,1
7424,1,0,1
7425,1,0,1
7426,1,0,1
7427,1,0,1
7428,1,0,1
7429,2,0,2
7430,3,0,3
7431,3,0,3
7432,3,0,3
7433,3,0,3
7434,3,0,3
7435,3,0,3
7436,3,0,3
7437,3,0,3
7438,3,0,3
7439,3,0,3
7440,3,0,3
7441,3,0,3
7442,3,0,3
7443,3,0,3
7444,3,0,3
7445,3,0,3
7446,3,0,3
7447,3,0,3
7448,3,0,3
7449,3,0,3
7450,3,0,3
7451,3,0,3
7452,3,0,3
7453,3,0,3
7454,3,0,3
7455,3,0,3
7456,3,0,3
7457,3,0,3
7458,3,0,3
7459,3,0,3
7460,3,0,3
7461,3,0,3
7462,3,0,3
7463,3,0,3
7464,3,0,3
7465,3,0,3
7466,3,0,3
7467,3,0,3
7468,3,0,3
7469,2,0,2
7470,2,0,2
7471,2,0,2
7472,3,0,3
7473,3,0,3
7474,2,0,2
7475,2,0,2
7476,2,0,2
7477,2,0,2
7478,2,0,2
7479,2,0,2
7480,2,0,2
7481,2,0,2
7482,2,0,2
7483,2,0,2
7484,2,0,2
7485,2,0,2
7486,2,0,2
7487,2,0,2
7488,2,0,2
7489,2,0,2
7490,2,0,2
7491,2,0,2
7492,2,0,2
7493,2,0,2
7494,2,0,2
7495,2,0,2
7496,2,0,2
7497,2,0,2
7498,2,0,2
7499,2,0,2
7500,2,0,2
7501,2,0,2
7502,2,0,2
7503,2,0,2
7504,2,0,2
7505,2,0,2
7506,2,0,2
7507,2,0,2
7508,2,0,2
7509,2,0,2
7510,2,0,2
7511,2,0,2
7512,2,0,2
7513,2,0,2
7514,2,0,2
7515,2,0,2
7516,2,0,2
7517,2,0,2
7518,2,0,2
7519,2,0,2
7520,2,0,2
7521,2,0,2
7522,2,0,2
7523,2,0,2
7524,2,0,2
7525,2,0,2
7526,2,0,2
7527,2,0,2
7528,2,0,2
7529,2,0,2
7530,2,0,2
7531,2,0,2
7532,2,0,2
7533,2,0,2
7534,2,0,2
7535,2,0,2
7536,2,0,2
7537,2,0,2
7538,2,0,2
7539,2,0,2
7540,2,0,2
7541,2,0,2
7542,2,0,2
7543,2,0,2
7544,2,0,2
7545,2,0,2
7546,2,0,2
7547,2,0,2
7548,2,0,2
7549,2,0,2
7550,2,0,2
7551,2,0,2
7552,2,0,2
7553,2,0,2
7554,2,0,2
7555,2,0,2
7556,2,0,2
7557,2,0,2
7558,2,0,2
7559,2,0,2
7560,2,0,2
7561,2,0,2
7562,3,0,3
7563,3,0,3
7564,3,0,3
7565,3,0,3
7566,3,0,3
7567,3,0,3
7568,3,0,3
7569,3,0,3
7570,3,0,3
7571,3,0,3
7572,3,0,3
7573,3,0,3
7574,3,0,3
7575,3,0,3
7576,3,0,3
7577,3,0,3
7578,3,0,3
7579,3,0,3
7580,3,0,3
7581,3,0,3
7582,3,0,3
7583,3,0,3
7584,3,0,3
7585,3,0,3
7586,3,0,3
7587,3,0,3
7588,3,0,3
7589,3,0,3
7590,3,0,3
7591,3,0,3
7592,3,0,3
7593,3,0,3
7594,3,0,3
7595,3,0,3
7596,3,0,3
7597,3,0,3
7598,3,0,3
7599,3,0,3
7600,2,1,3
7601,2,1,3
7602,2,1,3
7603,2,1,3
7604,2,1,3
7605,2,1,3
7606,2,1,3
7607,2,1,3
7608,2,1,3
7609,2,1,3
7610,1,1,2
7611,1,1,2
7612,1,1,2
7613,2,0,2
7614,2,0,2
7615,2,0,2
7616,2,0,2
7617,2,0,2
7618,2,0,2
7619,2,0,2
7620,2,0,2
7621,2,0,2
7622,3,0,3
7623,2,0,2
7624,2,0,2
7625,2,0,2
7626,2,0,2
7627,2,0,2
7628,3,0,3
7629,3,0,3
7630,3,0,3
7631,3,0,3
7632,3,0,3
7633,3,0,3
7634,3,0,3
7635,3,0,3
7636,3,0,3
7637,3,0,3
7638,3,0,3
7639,3,0,3
7640,3,0,3
7641,3,0,3
7642,3,0,3
7643,3,0,3
7644,3,0,3
7645,3,0,3
7646,3,0,3
7647,3,0,3
7648,3,0,3
7649,3,0,3
7650,3,0,3
7651,3,0,3
7652,3,0,3
7653,3,0,3
7654,3,0,3
7655,3,0,3
7656,3,0,3
7657,3,0,3
7658,3,0,3
7659,3,0,3
7660,3,0,3
7661,2,0,2
7662,2,0,2
7663,2,0,2
7664,2,0,2
7665,2,0,2
7666,2,0,2
7667,2,0,2
7668,2,0,2
7669,2,0,2
7670,2,0,2
7671,2,0,2
7672,1,0,1
7673,1,0,1
7674,1,0,1
7675,1,0,1
7676,1,0,1
7677,1,0,1
7678,1,0,1
7679,1,0,1
7680,1,0,1
7681,1,0,1
7682,1,0,1
7683,1,0,1
7684,1,0,1
7685,1,0,1
7686,1,0,1
7687,1,0,1
7688,1,0,1
7689,1,0,1
7690,1,0,1
7691,1,0,1
7692,1,0,1
7693,1,0,1
7694,1,0,1
7695,1,0,1
7696,1,0,1
7697,1,0,1
7698,1,0,1
7699,1,0,1
7700,1,0,1
7701,1,0,1
7702,1,0,1
7703,1,0,1
7704,1,0,1
7705,1,0,1
7706,1,0,1
7707,1,0,1
7708,1,0,1
7709,1,0,1
7710,1,0,1
7711,1,0,1
7712,1,0,1
7713,1,0,1
7714,1,0,1
7715,1,0,1
7716,1,0,1
7717,1,0,1
7718,1,0,1
7719,1,0,1
7720,1,0,1
7721,1,0,1
7722,1,0,1
7723,1,0,1
7724,1,0,1
7725,1,0,1
7726,1,0,1
7727,1,0,1
7728,1,0,1
7729,1,0,1
7730,1,0,1
7731,1,0,1
7732,1,0,1
7733,1,0,1
7734,1,0,1
7735,1,0,1
7736,1,0,1
7737,1,0,1
7738,1,0,1
7739,1,0,1
7740,1,0,1
7741,1,0,1
7742,1,0,1
7743,1,0,1
7744,1,0,1
7745,1,0,1
7746,1,0,1
7747,1,0,1
7748,1,0,1
7749,1,0,1
7750,1,0,1
7751,1,0,1
7752,1,0,1
7753,1,0,1
7754,1,0,1
7755,1,0,1
7756,1,0,1
7757,1,0,1
7758,1,0,1
7759,1,0,1
7760,1,0,1
7761,1,0,1
7762,1,0,1
7763,1,0,1
7764,1,0,1
7765,1,0,1
7766,1,0,1
7767,1,0,1
7768,1,0,1
7769,1,0,1
7770,1,0,1
7771,1,0,1
7772,1,0,1
7773,1,0,1
7774,1,0,1
7775,1,0,1
7776,1,0,1
7777,1,0,1
7778,1,0,1
7779,1,0,1
7780,1,0,1
7781,1,0,1
7782,1,0,1
7783,1,0,1
7784,1,0,1
7785,1,0,1
7786,1,0,1
7787,1,0,1
7788,1,0,1
7789,1,0,1
7790,1,0,1
7791,1,0,1
7792,1,0,1
7793,1,0,1
7794,1,0,1
7795,1,0,1
7796,1,0,1
7797,1,0,1
7798,1,0,1
7799,1,0,1
7800,1,0,1
7801,1,0,1
7802,1,0,1
7803,1,0,1
7804,1,0,1
7805,1,0,1
7806,1,0,1
7807,1,0,1
7808,1,0,1
7809,1,0,1
7810,1,0,1
7811,1,0,1
7812,1,0,1
7813,1,0,1
7814,1,0,1
7815,1,0,1
7816,1,0,1
7817,1,0,1
7818,1,0,1
7819,1,0,1
7820,1,0,1
7821,1,0,1
7822,1,0,1
7823,1,0,1
7824,1,0,1
7825,1,0,1
7826,1,0,1
7827,1,0,1
7828,1,0,1
7829,1,0,1
7830,1,0,1
7831,1,0,1
7832,2,0,2
7833,2,0,2
7834,2,0,2
7835,2,0,2
7836,2,0,2
7837,2,0,2
7838,2,0,2
7839,2,0,2
7840,2,0,2
7841,2,0,2
7842,2,0,2
7843,2,0,2
7844,2,0,2
7845,2,0,2
7846,2,0,2
7847,2,0,2
7848,2,0,2
7849,2,0,2
7850,2,0,2
7851,2,0,2
7852,2,0,2
7853,2,0,2
7854,2,0,2
7855,2,0,2
7856,2,0,2
7857,2,0,2
7858,2,0,2
7859,2,0,2
7860,2,0,2
7861,2,0,2
7862,2,0,2
7863,2,0,2
7864,2,0,2
7865,2,0,2
7866,2,0,2
7867,2,0,2
7868,2,0,2
7869,2,0,2
7870,2,0,2
7871,2,0,2
7872,2,0,2
7873,2,0,2
7874,2,0,2
7875,2,0,2
7876,2,0,2
7877,3,0,3
7878,2,0,2
7879,2,0,2
7880,2,0,2
7881,2,0,2
7882,2,0,2
7883,2,0,2
7884,2,0,2
7885,2,0,2
7886,2,0,2
7887,2,0,2
7888,2,0,2
7889,2,0,2
7890,2,0,2
7891,2,0,2
7892,2,0,2
7893,2,0,2
7894,2,0,2
7895,2,0,2
7896,2,0,2
7897,2,0,2
7898,2,0,2
7899,2,0,2
7900,2,0,2
7901,2,0,2
7902,2,0,2
7903,2,0,2
7904,2,0,2
7905,2,0,2
7906,2,0,2
7907,2,0,2
7908,3,0,3
7909,3,0,3
7910,3,0,3
7911,4,0,4
7912,4,0,4
7913,4,0,4
7914,4,0,4
7915,4,0,4
7916,4,0,4
7917,4,0,4
7918,4,0,4
7919,4,0,4
7920,4,0,4
7921,4,0,4
7922,4,0,4
7923,4,0,4
7924,3,0,3
7925,3,0,3
7926,3,0,3
7927,2,0,2
7928,2,0,2
7929,2,0,2
7930,2,0,2
7931,2,0,2
7932,2,0,2
7933,2,0,2
7934,2,0,2
7935,2,0,2
7936,2,0,2
7937,2,0,2
7938,3,0,3
7939,3,0,3
7940,3,0,3
7941,3,0,3
7942,3,0,3
7943,3,0,3
7944,3,0,3
7945,3,0,3
7946,3,0,3
7947,3,0,3
7948,3,0,3
7949,3,0,3
7950,3,0,3
7951,2,0,2
7952,2,0,2
7953,2,0,2
7954,1,0,1
7955,1,0,1
7956,1,0,1
7957,1,0,1
7958,1,0,1
7959,1,0,1
7960,1,0,1
7961,1,0,1
7962,1,0,1
7963,1,0,1
7964,1,0,1
7965,1,0,1
7966,1,0,1
7967,1,0,1
7968,1,0,1
7969,1,0,1
7970,1,0,1
7971,1,0,1
7972,1,0,1
7973,1,0,1
7974,1,0,1
7975,1,0,1
7976,1,0,1
7977,1,0,1
7978,1,0,1
7979,1,0,1
7980,1,0,1
7981,1,0,1
7982,0,0,0
7983,0,0,0
7984,0,0,0
7985,0,0,0
7986,0,0,0
7987,0,0,0
7988,0,0,0
7989,0,0,0
7990,0,0,0
7991,0,0,0
7992,0,0,0
7993,0,0,0
7994,0,0,0
7995,0,0,0
7996,0,0,0
7997,0,0,0
7998,0,0,0
7999,0,0,0
8000,0,0,0
8001,0,0,0
8002,0,0,0
8003,0,0,0
8004,0,0,0
8005,0,0,0
8006,0,0,0
8007,0,0,0
8008,0,0,0
8009,0,0,0
8010,0,0,0
8011,0,0,0
8012,0,0,0
8013,0,0,0
8014,0,0,0
8015,0,0,0
8016,0,0,0
8017,0,0,0
8018,0,0,0
8019,0,0,0
8020,0,0,0
8021,0,0,0
8022,0,0,0
8023,0,0,0
8024,0,0,0
8025,0,0,0
8026,0,0,0
8027,0,0,0
8028,0,0,0
8029,0,0,0
8030,0,0,0
8031,0,0,0
8032,0,0,0
8033,0,0,0
8034,0,0,0
8035,0,0,0
8036,0,0,0
8037,0,0,0
8038,0,0,0
8039,0,0,0
8040,0,0,0
8041,0,0,0
8042,0,0,0
8043,0,0,0
8044,0,0,0
8045,0,0,0
8046,0,0,0
8047,0,0,0
8048,0,0,0
8049,0,0,0
8050,0,0,0
8051,0,0,0
8052,0,0,0
8053,0,0,0
8054,0,0,0
8055,0,0,0
8056,0,0,0
8057,0,0,0
8058,0,0,0
8059,0,0,0
8060,0,0,0
8061,0,0,0
8062,0,0,0
8063,0,0,0
8064,0,0,0
8065,0,0,0
8066,0,0,0
8067,0,0,0
8068,0,0,0
8069,1,0,1
8070,1,0,1
8071,1,0,1
8072,1,0,1
8073,1,0,1
8074,1,0,1
8075,1,0,1
8076,1,0,1
8077,1,0,1
8078,1,0,1
8079,1,0,1
8080,1,0,1
8081,1,0,1
8082,1,0,1
8083,1,0,1
8084,1,0,1
8085,1,0,1
8086,1,0,1
8087,1,0,1
8088,1,0,1
8089,1,0,1
8090,1,0,1
8091,1,0,1
8092,1,0,1
8093,2,0,2
8094,2,0,2
8095,2,0,2
8096,2,0,2
8097,2,0,2
8098,2,0,2
8099,2,0,2
8100,2,0,2
8101,2,0,2
8102,2,0,2
8103,2,0,2
8104,2,0,2
8105,2,0,2
8106,2,0,2
8107,2,0,2
8108,2,0,2
8109,2,0,2
8110,2,0,2
8111,2,0,2
8112,2,0,2
8113,2,0,2
8114,2,0,2
8115,2,0,2
8116,2,0,2
8117,3,0,3
8118,3,0,3
8119,3,0,3
8120,3,0,3
8121,2,0,2
8122,2,0,2
8123,2,0,2
8124,2,0,2
8125,2,0,2
8126,2,0,2
8127,2,0,2
8128,2,0,2
8129,3,0,3
8130,3,0,3
8131,3,0,3
8132,3,0,3
8133,3,0,3
8134,3,0,3
8135,3,0,3
8136,3,0,3
8137,3,0,3
8138,3,0,3
8139,3,0,3
8140,3,0,3
8141,3,0,3
8142,3,0,3
8143,3,0,3
8144,3,0,3
8145,3,0,3
8146,3,0,3
8147,3,0,3
8148,3,0,3
8149,3,0,3
8150,3,0,3
8151,3,0,3
8152,4,0,4
8153,4,0,4
8154,4,0,4
8155,4,0,4
8156,3,0,3
8157,3,0,3
8158,3,0,3
8159,3,0,3
8160,3,0,3
8161,3,0,3
8162,3,0,3
8163,3,0,3
8164,3,0,3
8165,3,0,3
8166,3,0,3
8167,3,0,3
8168,3,0,3
8169,3,0,3
8170,3,0,3
8171,3,0,3
8172,3,0,3
8173,3,0,3
8174,3,0,3
8175,3,0,3
8176,3,0,3
